-- phpMyAdmin SQL Dump
-- version 4.9.2
-- https://www.phpmyadmin.net/
--
-- 主機： 127.0.0.1:3306
-- 產生時間： 
-- 伺服器版本： 5.7.28
-- PHP 版本： 7.3.12

SET SQL_MODE = "NO_AUTO_VALUE_ON_ZERO";
SET AUTOCOMMIT = 0;
START TRANSACTION;
SET time_zone = "+00:00";


/*!40101 SET @OLD_CHARACTER_SET_CLIENT=@@CHARACTER_SET_CLIENT */;
/*!40101 SET @OLD_CHARACTER_SET_RESULTS=@@CHARACTER_SET_RESULTS */;
/*!40101 SET @OLD_COLLATION_CONNECTION=@@COLLATION_CONNECTION */;
/*!40101 SET NAMES utf8mb4 */;

--
-- 資料庫： `iworksite`
--

-- --------------------------------------------------------

--
-- 資料表結構 `device_list`
--

DROP TABLE IF EXISTS `device_list`;
CREATE TABLE IF NOT EXISTS `device_list` (
  `deviceID` varchar(10) NOT NULL,
  `deviceName` varchar(20) NOT NULL,
  `type` varchar(20) NOT NULL,
  `description` varchar(20) NOT NULL,
  `deviceNumber` varchar(10) NOT NULL,
  `modelNumber` varchar(10) NOT NULL,
  `deviceBrand` varchar(10) NOT NULL,
  `connectIP` varchar(15) NOT NULL,
  `connectPort` varchar(5) NOT NULL,
  `rtspUrl` varchar(61) NOT NULL,
  `rtspAuth` varchar(40) NOT NULL,
  `onvifSupport` int(11) NOT NULL COMMENT '0:無支援 1:支援',
  PRIMARY KEY (`deviceID`)
) ENGINE=MyISAM DEFAULT CHARSET=utf8;

--
-- 傾印資料表的資料 `device_list`
--

INSERT INTO `device_list` (`deviceID`, `deviceName`, `type`, `description`, `deviceNumber`, `modelNumber`, `deviceBrand`, `connectIP`, `connectPort`, `rtspUrl`, `rtspAuth`, `onvifSupport`) VALUES
('D001', 'B1鐵捲門1', 'Smart Device', 'B1鐵捲門攝影機1', 'IPCam-01', 'HS-HK6321', 'hisharp', '60.250.79.35', '1883', 'rtsp://60.250.79.35:1883/chID=1&streamType=main&linkType=tcp', 'none', 1),
('D002', 'B2梯廳', 'Smart Device', 'B2梯廳攝影機', 'IPCam-02', 'HS-HK6321', 'hisharp', '60.250.79.35', '1883', 'rtsp://60.250.79.35:1883/chID=2&streamType=main&linkType=tcp', 'none', 1),
('D003', '北側入口', 'Smart Device', '北側入口攝影機', 'IPCam-03', 'HS-HK6321', 'hisharp', '60.250.79.35', '1883', 'rtsp://60.250.79.35:1883/chID=3&streamType=main&linkType=tcp', 'none', 1),
('D004', '一樓廊道', 'Smart Device', '一樓廊道攝影機', 'IPCam-04', 'HS-HK6321', 'hisharp', '60.250.79.35', '1883', 'rtsp://60.250.79.35:1883/chID=4&streamType=main&linkType=tcp', 'none', 1),
('D005', '頂樓會議室', 'Smart Device', '頂樓會議室攝影機', 'IPCam-05', 'HS-HK6321', 'hisharp', '60.250.79.35', '1883', 'rtsp://60.250.79.35:1883/chID=5&streamType=main&linkType=tcp', 'none', 1),
('D006', '一樓花園', 'Smart Device', '頂樓會議室攝影機', 'IPCam-06', 'HS-HK6321', 'hisharp', '60.250.79.35', '1883', 'rtsp://60.250.79.35:1883/chID=6&streamType=main&linkType=tcp', 'none', 1),
('D007', '頂樓健身房', 'Smart Device', '頂樓健身房攝影機', 'IPCam-07', 'HS-HK6321', 'hisharp', '60.250.79.35', '1883', 'rtsp://60.250.79.35:1883/chID=7&streamType=main&linkType=tcp', 'none', 1),
('D008', '南側入口', 'Smart Device', '南側入口攝影機', 'IPCam-08', 'HS-HK6321', 'hisharp', '60.250.79.35', '1883', 'rtsp://60.250.79.35:1883/chID=8&streamType=main&linkType=tcp', 'none', 1),
('D101', '貨梯', 'Smart Device', '貨梯攝影機', 'IPCam-09', 'HS-HK6321', 'hisharp', '60.250.79.35', '1883', 'rtsp://60.250.79.35:1883/chID=9&streamType=main&linkType=tcp', 'none', 1),
('D102', '一樓梯廳', 'Smart Device', '一樓梯廳攝影機', 'IPCam-10', 'HS-HK6321', 'hisharp', '60.250.79.35', '1883', 'rtsp://60.250.79.35:1883/chID=10&streamType=main&linkType=tcp', 'none', 1),
('D103', '客梯', 'Smart Device', '客梯攝影機', 'IPCam-11', 'HS-HK6321', 'hisharp', '60.250.79.35', '1883', 'rtsp://60.250.79.35:1883/chID=11&streamType=main&linkType=tcp', 'none', 1),
('D104', 'B1鐵捲門', 'Smart Device', 'B1鐵捲門攝影機2', 'IPCam-12', 'HS-HK6321', 'hisharp', '60.250.79.35', '1883', 'rtsp://60.250.79.35:1883/chID=12&streamType=main&linkType=tcp', 'none', 1),
('D105', '頂樓花園', 'Smart Device', '頂樓花園攝影機', 'IPCam-13', 'HS-HK6321', 'hisharp', '60.250.79.35', '1883', 'rtsp://60.250.79.35:1883/chID=13&streamType=main&linkType=tcp', 'none', 1),
('D106', '管理中心', 'Smart Device', '管理中心攝影機', 'IPCam-14', 'HS-HK6321', 'hisharp', '60.250.79.35', '1883', 'rtsp://60.250.79.35:1883/chID=14&streamType=main&linkType=tcp', 'none', 1),
('D107', 'RF花園右側', 'Smart Device', 'RF花園右側攝影機', 'IPCam-15', 'HS-HK6321', 'hisharp', '60.250.79.35', '1883', 'rtsp://60.250.79.35:1883/chID=15&streamType=main&linkType=tcp', 'none', 1),
('D108', '一樓DEF店面', 'Smart Device', '一樓DEF店面攝影機', 'IPCam-16', 'HS-HK6321', 'hisharp', '60.250.79.35', '1883', 'rtsp://60.250.79.35:1883/chID=16&streamType=main&linkType=tcp', 'none', 1),
('D000', '人口統計數值', 'Smart Device', '人口統計數值', '人口統計數值', 'none', 'none', 'none', 'none', 'none', 'none', 0);

-- --------------------------------------------------------

--
-- 資料表結構 `person_attendance_record`
--

DROP TABLE IF EXISTS `person_attendance_record`;
CREATE TABLE IF NOT EXISTS `person_attendance_record` (
  `uuid` varchar(30) NOT NULL,
  `deviceID` varchar(30) NOT NULL,
  `personID` varchar(10) NOT NULL,
  `triggerTime` datetime NOT NULL,
  `respirator` varchar(2) NOT NULL COMMENT '0:有戴 1:沒戴',
  `hardHat` varchar(2) NOT NULL,
  `vest` varchar(2) NOT NULL,
  `temperature` float NOT NULL,
  `triggerImgURL` varchar(120) NOT NULL,
  PRIMARY KEY (`uuid`)
) ENGINE=MyISAM DEFAULT CHARSET=utf8;

--
-- 傾印資料表的資料 `person_attendance_record`
--

INSERT INTO `person_attendance_record` (`uuid`, `deviceID`, `personID`, `triggerTime`, `respirator`, `hardHat`, `vest`, `temperature`, `triggerImgURL`) VALUES
('5', 'D005', 'P001', '2020-11-23 13:25:54', '0', '1', '0', 38.3, '口罩辨識截圖'),
('6', 'D104', 'P001', '2020-11-23 13:26:14', '1', '0', '0', 35.8, '口罩辨識截圖'),
('7', 'D004', 'P005', '2020-11-23 13:26:35', '1', '0', '1', 37.2, '口罩辨識截圖'),
('8', 'D001', 'P005', '2020-11-23 13:26:58', '1', '0', '0', 35.7, '口罩辨識截圖'),
('9', 'D103', 'P005', '2020-11-23 13:27:10', '0', '0', '1', 36.4, '口罩辨識截圖'),
('34', 'D006', 'P003', '2020-11-23 13:29:22', '1', '0', '0', 35.6, '口罩辨識截圖'),
('35', 'D006', 'P004', '2020-11-23 13:29:25', '1', '0', '1', 35.7, '口罩辨識截圖'),
('37', 'D006', 'P003', '2020-11-23 13:29:35', '0', '0', '0', 37.2, '口罩辨識截圖'),
('38', 'D107', 'P001', '2020-11-23 13:29:37', '0', '0', '1', 36.6, '口罩辨識截圖'),
('41', 'D002', 'P001', '2020-11-23 13:29:49', '1', '1', '0', 37.1, '口罩辨識截圖'),
('44', 'D005', 'P004', '2020-11-23 13:30:08', '1', '0', '1', 37.9, '口罩辨識截圖'),
('47', 'D105', 'P001', '2020-11-23 13:30:27', '1', '0', '1', 35.7, '口罩辨識截圖'),
('49', 'D106', 'P005', '2020-11-23 13:30:33', '1', '1', '0', 39.8, '口罩辨識截圖'),
('54', 'D101', 'P001', '2020-11-23 13:30:51', '1', '1', '1', 36.2, '口罩辨識截圖'),
('57', 'D108', 'P002', '2020-11-23 13:31:08', '1', '0', '1', 36, '口罩辨識截圖'),
('60', 'D101', 'P005', '2020-11-23 13:31:27', '1', '0', '1', 39.5, '口罩辨識截圖'),
('64', 'D002', 'P001', '2020-11-23 13:31:49', '1', '1', '0', 38.7, '口罩辨識截圖'),
('69', 'D005', 'P002', '2020-11-23 13:32:09', '0', '0', '1', 39.7, '口罩辨識截圖'),
('71', 'D006', 'P004', '2020-11-23 13:32:19', '0', '0', '1', 36.5, '口罩辨識截圖'),
('73', 'D107', 'P004', '2020-11-23 13:32:28', '0', '1', '0', 36.4, '口罩辨識截圖'),
('78', 'D005', 'P004', '2020-11-23 13:32:44', '0', '0', '1', 38.8, '口罩辨識截圖'),
('81', 'D006', 'P004', '2020-11-23 13:32:54', '1', '0', '0', 39, '口罩辨識截圖'),
('86', 'D106', 'P005', '2020-11-23 13:33:04', '0', '1', '1', 37.3, '口罩辨識截圖'),
('91', 'D006', 'P003', '2020-11-23 13:33:26', '1', '1', '1', 35.6, '口罩辨識截圖'),
('95', 'D101', 'P003', '2020-11-23 13:33:49', '1', '0', '1', 38.2, '口罩辨識截圖'),
('98', 'D007', 'P004', '2020-11-23 13:34:05', '0', '0', '0', 39.4, '口罩辨識截圖'),
('102', 'D005', 'P003', '2020-11-23 13:34:25', '1', '0', '0', 39.9, '口罩辨識截圖'),
('108', 'D103', 'P002', '2020-11-23 13:34:52', '1', '1', '1', 36.9, '口罩辨識截圖'),
('114', 'D001', 'P001', '2020-11-23 13:35:10', '1', '1', '0', 37.7, '口罩辨識截圖'),
('115', 'D104', 'P002', '2020-11-23 13:35:11', '0', '0', '1', 38.1, '口罩辨識截圖'),
('119', 'D101', 'P002', '2020-11-23 13:35:38', '1', '1', '1', 35.7, '口罩辨識截圖'),
('122', 'D006', 'P003', '2020-11-23 13:35:47', '1', '1', '0', 36.4, '口罩辨識截圖'),
('127', 'D008', 'P001', '2020-11-23 13:36:08', '1', '0', '0', 39.8, '口罩辨識截圖'),
('128', 'D105', 'P003', '2020-11-23 13:36:11', '1', '0', '0', 38.6, '口罩辨識截圖'),
('129', 'D108', 'P001', '2020-11-23 13:36:12', '0', '1', '0', 39, '口罩辨識截圖'),
('135', 'D007', 'P001', '2020-11-23 13:36:40', '0', '0', '0', 38.7, '口罩辨識截圖'),
('142', 'D005', 'P003', '2020-11-23 13:37:03', '0', '1', '0', 35.1, '口罩辨識截圖'),
('148', 'D002', 'P001', '2020-11-23 13:37:24', '0', '0', '0', 38.9, '口罩辨識截圖'),
('154', 'D104', 'P001', '2020-11-23 13:37:41', '0', '1', '1', 35.6, '口罩辨識截圖'),
('160', 'D101', 'P002', '2020-11-23 13:38:06', '0', '0', '1', 38, '口罩辨識截圖'),
('164', 'D004', 'P001', '2020-11-23 13:38:17', '0', '0', '0', 37.6, '口罩辨識截圖'),
('166', 'D005', 'P004', '2020-11-23 13:38:21', '0', '0', '1', 39.7, '口罩辨識截圖'),
('171', 'D107', 'P005', '2020-11-23 13:38:43', '0', '0', '0', 37.9, '口罩辨識截圖'),
('173', 'D008', 'P004', '2020-11-23 13:38:53', '0', '1', '0', 39.5, '口罩辨識截圖'),
('180', 'D108', 'P004', '2020-11-23 13:39:23', '1', '1', '0', 37, '口罩辨識截圖'),
('186', 'D002', 'P003', '2020-11-23 13:39:50', '0', '1', '1', 36.4, '口罩辨識截圖'),
('189', 'D101', 'P003', '2020-11-23 13:40:00', '1', '0', '1', 37.9, '口罩辨識截圖'),
('191', 'D001', 'P003', '2020-11-23 13:40:04', '0', '0', '1', 36.5, '口罩辨識截圖'),
('192', 'D005', 'P005', '2020-11-23 13:40:05', '0', '1', '1', 39.6, '口罩辨識截圖'),
('196', 'D106', 'P005', '2020-11-23 13:40:26', '0', '0', '1', 39.8, '口罩辨識截圖'),
('198', 'D002', 'P005', '2020-11-23 13:40:37', '0', '1', '1', 35.5, '口罩辨識截圖'),
('202', 'D005', 'P005', '2020-11-23 13:40:53', '1', '1', '0', 38.6, '口罩辨識截圖'),
('208', 'D105', 'P003', '2020-11-23 13:41:17', '0', '0', '1', 35.3, '口罩辨識截圖'),
('214', 'D004', 'P005', '2020-11-23 13:41:46', '0', '0', '0', 38.2, '口罩辨識截圖'),
('216', 'D107', 'P001', '2020-11-23 13:42:00', '0', '1', '0', 35.6, '口罩辨識截圖'),
('222', 'D108', 'P003', '2020-11-23 13:42:09', '1', '0', '1', 38.1, '口罩辨識截圖'),
('224', 'D105', 'P005', '2020-11-23 13:42:19', '1', '0', '1', 36.7, '口罩辨識截圖'),
('226', 'D102', 'P005', '2020-11-23 13:42:25', '1', '1', '0', 35.6, '口罩辨識截圖'),
('232', 'D006', 'P002', '2020-11-23 13:42:48', '1', '0', '0', 36.1, '口罩辨識截圖'),
('237', 'D005', 'P002', '2020-11-23 13:43:08', '0', '0', '0', 39.2, '口罩辨識截圖'),
('241', 'D003', 'P003', '2020-11-23 13:43:32', '0', '0', '1', 35.1, '口罩辨識截圖'),
('243', 'D007', 'P004', '2020-11-23 13:43:39', '0', '1', '1', 35.2, '口罩辨識截圖'),
('253', 'D002', 'P001', '2020-11-23 13:44:07', '0', '1', '0', 36, '口罩辨識截圖'),
('258', 'D107', 'P001', '2020-11-23 13:44:27', '0', '1', '0', 39.1, '口罩辨識截圖'),
('263', 'D102', 'P003', '2020-11-23 13:44:43', '1', '1', '0', 38.3, '口罩辨識截圖'),
('265', 'D003', 'P003', '2020-11-23 13:44:47', '0', '0', '1', 35.5, '口罩辨識截圖'),
('271', 'D101', 'P004', '2020-11-23 13:45:04', '0', '1', '0', 37.3, '口罩辨識截圖'),
('274', 'D002', 'P005', '2020-11-23 13:45:20', '1', '1', '1', 38.1, '口罩辨識截圖'),
('276', 'D004', 'P001', '2020-11-23 13:45:30', '1', '1', '1', 37.2, '口罩辨識截圖'),
('279', 'D008', 'P001', '2020-11-23 13:45:42', '0', '0', '0', 36.7, '口罩辨識截圖'),
('284', 'D003', 'P002', '2020-11-23 13:45:55', '1', '0', '1', 36.8, '口罩辨識截圖'),
('288', 'D006', 'P003', '2020-11-23 13:46:06', '0', '0', '1', 35.8, '口罩辨識截圖'),
('293', 'D106', 'P002', '2020-11-23 13:46:23', '1', '1', '0', 38.9, '口罩辨識截圖'),
('296', 'D004', 'P005', '2020-11-23 13:46:45', '1', '0', '1', 37.4, '口罩辨識截圖'),
('299', 'D005', 'P003', '2020-11-23 13:47:00', '0', '1', '1', 39.3, '口罩辨識截圖'),
('305', 'D105', 'P005', '2020-11-23 13:47:24', '0', '1', '0', 36.8, '口罩辨識截圖'),
('306', 'D003', 'P002', '2020-11-23 13:47:38', '1', '1', '0', 39.5, '口罩辨識截圖'),
('314', 'D102', 'P002', '2020-11-23 13:47:58', '0', '1', '1', 37, '口罩辨識截圖'),
('321', 'D004', 'P001', '2020-11-23 13:48:22', '1', '1', '1', 39.1, '口罩辨識截圖'),
('323', 'D005', 'P003', '2020-11-23 13:48:26', '0', '0', '0', 35.8, '口罩辨識截圖'),
('328', 'D006', 'P001', '2020-11-23 13:48:45', '1', '0', '1', 39.1, '口罩辨識截圖'),
('334', 'D102', 'P003', '2020-11-23 13:49:00', '0', '0', '1', 36.7, '口罩辨識截圖'),
('338', 'D007', 'P001', '2020-11-23 13:49:26', '0', '0', '1', 35.9, '口罩辨識截圖'),
('343', 'D004', 'P003', '2020-11-23 13:49:44', '1', '0', '1', 37, '口罩辨識截圖'),
('349', 'D106', 'P003', '2020-11-23 13:50:00', '0', '1', '1', 38, '口罩辨識截圖'),
('351', 'D105', 'P002', '2020-11-23 13:50:15', '0', '1', '1', 39.3, '口罩辨識截圖'),
('357', 'D101', 'P003', '2020-11-23 13:50:33', '0', '0', '1', 37.8, '口罩辨識截圖'),
('362', 'D103', 'P005', '2020-11-23 13:51:00', '0', '1', '0', 37.5, '口罩辨識截圖'),
('367', 'D005', 'P003', '2020-11-23 13:51:22', '1', '1', '1', 36.2, '口罩辨識截圖'),
('375', 'D102', 'P003', '2020-11-23 13:51:49', '0', '1', '1', 37.5, '口罩辨識截圖'),
('384', 'D104', 'P005', '2020-11-23 13:52:14', '1', '1', '0', 35.1, '口罩辨識截圖'),
('385', 'D101', 'P004', '2020-11-23 13:52:14', '0', '0', '1', 39.2, '口罩辨識截圖'),
('387', 'D004', 'P003', '2020-11-23 13:52:22', '1', '1', '1', 39.5, '口罩辨識截圖'),
('388', 'D108', 'P004', '2020-11-23 13:52:31', '0', '0', '1', 38.3, '口罩辨識截圖'),
('397', 'D108', 'P005', '2020-11-23 13:52:55', '0', '1', '1', 38.2, '口罩辨識截圖'),
('404', 'D002', 'P002', '2020-11-23 13:53:20', '0', '0', '1', 37.8, '口罩辨識截圖'),
('409', 'D005', 'P002', '2020-11-23 13:53:46', '0', '1', '1', 36.6, '口罩辨識截圖'),
('416', 'D101', 'P001', '2020-11-23 13:54:05', '1', '0', '0', 37.9, '口罩辨識截圖'),
('421', 'D104', 'P002', '2020-11-23 13:54:20', '1', '0', '1', 35.2, '口罩辨識截圖'),
('427', 'D005', 'P002', '2020-11-23 13:54:44', '0', '1', '1', 38.9, '口罩辨識截圖'),
('433', 'D002', 'P001', '2020-11-23 13:55:05', '0', '1', '1', 36.3, '口罩辨識截圖'),
('437', 'D102', 'P005', '2020-11-23 13:55:18', '1', '1', '0', 37.3, '口罩辨識截圖'),
('440', 'D102', 'P005', '2020-11-23 13:55:40', '1', '0', '0', 36, '口罩辨識截圖'),
('444', 'D004', 'P002', '2020-11-23 13:55:57', '0', '1', '1', 35.5, '口罩辨識截圖'),
('448', 'D003', 'P003', '2020-11-23 13:56:18', '1', '0', '1', 38.6, '口罩辨識截圖'),
('453', 'D006', 'P003', '2020-11-23 13:56:28', '0', '1', '0', 37.9, '口罩辨識截圖'),
('458', 'D106', 'P003', '2020-11-23 13:56:54', '1', '0', '1', 39.6, '口罩辨識截圖'),
('459', 'D101', 'P005', '2020-11-23 13:56:55', '0', '1', '0', 38.7, '口罩辨識截圖'),
('463', 'D006', 'P002', '2020-11-23 13:56:59', '0', '1', '1', 36.1, '口罩辨識截圖'),
('469', 'D005', 'P004', '2020-11-23 13:57:28', '1', '0', '0', 36.6, '口罩辨識截圖'),
('474', 'D002', 'P003', '2020-11-23 13:57:46', '0', '0', '1', 36.3, '口罩辨識截圖'),
('482', 'D107', 'P001', '2020-11-23 13:58:14', '1', '1', '0', 37.7, '口罩辨識截圖'),
('488', 'D107', 'P002', '2020-11-23 13:58:38', '1', '0', '0', 35.5, '口罩辨識截圖'),
('496', 'D106', 'P001', '2020-11-23 13:59:11', '1', '0', '0', 36.2, '口罩辨識截圖'),
('502', 'D006', 'P004', '2020-11-23 13:59:29', '0', '0', '0', 36.9, '口罩辨識截圖'),
('505', 'D001', 'P004', '2020-11-23 13:59:34', '0', '1', '1', 37.1, '口罩辨識截圖'),
('507', 'D104', 'P004', '2020-11-23 13:59:37', '1', '1', '0', 38.5, '口罩辨識截圖'),
('510', 'D003', 'P002', '2020-11-23 13:59:52', '1', '1', '1', 35.7, '口罩辨識截圖'),
('515', 'D003', 'P005', '2020-11-23 14:00:05', '1', '1', '0', 39.7, '口罩辨識截圖'),
('519', 'D008', 'P003', '2020-11-23 14:00:23', '1', '0', '0', 35.7, '口罩辨識截圖'),
('527', 'D101', 'P005', '2020-11-23 14:00:46', '1', '0', '0', 35.5, '口罩辨識截圖'),
('528', 'D006', 'P004', '2020-11-23 14:00:48', '1', '0', '1', 38.7, '口罩辨識截圖'),
('532', 'D102', 'P003', '2020-11-23 14:01:01', '1', '1', '1', 38.3, '口罩辨識截圖'),
('539', 'D002', 'P003', '2020-11-23 14:01:20', '0', '0', '0', 36.7, '口罩辨識截圖'),
('544', 'D103', 'P004', '2020-11-23 14:01:31', '1', '0', '0', 35.7, '口罩辨識截圖'),
('546', 'D005', 'P003', '2020-11-23 14:01:40', '1', '0', '0', 36, '口罩辨識截圖'),
('550', 'D005', 'P001', '2020-11-23 14:01:50', '0', '1', '1', 36.2, '口罩辨識截圖'),
('552', 'D001', 'P003', '2020-11-23 14:01:58', '0', '0', '1', 38.6, '口罩辨識截圖'),
('553', 'D105', 'P001', '2020-11-23 14:02:01', '1', '1', '0', 39.8, '口罩辨識截圖'),
('564', 'D001', 'P005', '2020-11-23 14:02:28', '1', '1', '1', 35.2, '口罩辨識截圖'),
('569', 'D005', 'P004', '2020-11-23 14:02:43', '1', '0', '0', 35.9, '口罩辨識截圖'),
('578', 'D001', 'P001', '2020-11-23 14:03:05', '0', '1', '0', 36.6, '口罩辨識截圖'),
('586', 'D105', 'P004', '2020-11-23 14:03:29', '1', '0', '1', 36.9, '口罩辨識截圖'),
('593', 'D105', 'P005', '2020-11-23 14:03:52', '0', '1', '1', 36.5, '口罩辨識截圖'),
('595', 'D006', 'P005', '2020-11-23 14:04:00', '0', '0', '1', 38.5, '口罩辨識截圖'),
('602', 'D106', 'P005', '2020-11-23 14:04:21', '0', '1', '0', 36, '口罩辨識截圖'),
('613', 'D107', 'P004', '2020-11-23 14:04:50', '1', '0', '0', 39.7, '口罩辨識截圖'),
('623', 'D004', 'P002', '2020-11-23 14:05:18', '0', '0', '1', 38.2, '口罩辨識截圖'),
('633', 'D007', 'P001', '2020-11-23 14:05:43', '0', '0', '0', 35.2, '口罩辨識截圖'),
('636', 'D008', 'P005', '2020-11-23 14:05:52', '1', '0', '0', 38.2, '口罩辨識截圖'),
('642', 'D101', 'P001', '2020-11-23 14:06:17', '0', '1', '0', 37.6, '口罩辨識截圖'),
('644', 'D106', 'P002', '2020-11-23 14:06:30', '1', '1', '1', 37.2, '口罩辨識截圖'),
('650', 'D104', 'P004', '2020-11-23 14:06:37', '1', '0', '1', 38.6, '口罩辨識截圖'),
('654', 'D106', 'P005', '2020-11-23 14:06:49', '1', '1', '0', 36, '口罩辨識截圖'),
('655', 'D008', 'P001', '2020-11-23 14:06:50', '0', '1', '1', 37.9, '口罩辨識截圖'),
('660', 'D007', 'P004', '2020-11-23 14:07:06', '0', '1', '0', 38.3, '口罩辨識截圖'),
('662', 'D004', 'P004', '2020-11-23 14:07:10', '1', '0', '1', 37.8, '口罩辨識截圖'),
('668', 'D006', 'P004', '2020-11-23 14:07:32', '0', '1', '0', 39.8, '口罩辨識截圖'),
('672', 'D101', 'P002', '2020-11-23 14:07:37', '0', '1', '1', 37.8, '口罩辨識截圖'),
('676', 'D105', 'P002', '2020-11-23 14:07:50', '1', '0', '0', 39.2, '口罩辨識截圖'),
('679', 'D002', 'P004', '2020-11-23 14:07:57', '0', '0', '1', 35.4, '口罩辨識截圖'),
('688', 'D005', 'P004', '2020-11-23 14:08:25', '1', '0', '0', 39.8, '口罩辨識截圖'),
('697', 'D003', 'P005', '2020-11-23 14:08:49', '0', '1', '1', 37.3, '口罩辨識截圖'),
('700', 'D104', 'P003', '2020-11-23 14:09:02', '0', '1', '1', 35.7, '口罩辨識截圖'),
('705', 'D008', 'P001', '2020-11-23 14:09:08', '1', '0', '0', 39.3, '口罩辨識截圖'),
('707', 'D007', 'P003', '2020-11-23 14:09:17', '0', '0', '0', 35.9, '口罩辨識截圖'),
('716', 'D008', 'P002', '2020-11-23 14:09:44', '0', '0', '1', 38.2, '口罩辨識截圖'),
('724', 'D002', 'P002', '2020-11-23 14:10:11', '1', '0', '0', 35.3, '口罩辨識截圖'),
('731', 'D006', 'P004', '2020-11-23 14:10:28', '1', '0', '0', 37.9, '口罩辨識截圖'),
('732', 'D007', 'P003', '2020-11-23 14:10:33', '1', '1', '1', 39.5, '口罩辨識截圖'),
('743', 'D005', 'P001', '2020-11-23 14:10:50', '1', '0', '1', 37.1, '口罩辨識截圖'),
('751', 'D107', 'P004', '2020-11-23 14:11:07', '1', '0', '1', 36.3, '口罩辨識截圖'),
('752', 'D007', 'P001', '2020-11-23 14:11:08', '0', '1', '1', 35.7, '口罩辨識截圖'),
('754', 'D108', 'P001', '2020-11-23 14:11:13', '0', '0', '1', 39.2, '口罩辨識截圖'),
('761', 'D007', 'P004', '2020-11-23 14:11:32', '0', '1', '0', 36.3, '口罩辨識截圖'),
('769', 'D107', 'P002', '2020-11-23 14:11:56', '1', '0', '0', 35.6, '口罩辨識截圖'),
('772', 'D005', 'P003', '2020-11-23 14:12:00', '0', '1', '1', 35.6, '口罩辨識截圖'),
('777', 'D004', 'P002', '2020-11-23 14:12:14', '0', '1', '1', 39.2, '口罩辨識截圖'),
('780', 'D101', 'P004', '2020-11-23 14:12:23', '1', '1', '0', 35.2, '口罩辨識截圖'),
('787', 'D001', 'P001', '2020-11-23 14:12:46', '1', '1', '0', 37.3, '口罩辨識截圖'),
('791', 'D008', 'P001', '2020-11-23 14:12:58', '1', '1', '0', 35.4, '口罩辨識截圖'),
('797', 'D008', 'P005', '2020-11-23 14:13:09', '0', '1', '1', 39.4, '口罩辨識截圖'),
('801', 'D004', 'P004', '2020-11-23 14:13:20', '1', '0', '0', 39.6, '口罩辨識截圖'),
('809', 'D002', 'P001', '2020-11-23 14:13:44', '1', '0', '1', 36.7, '口罩辨識截圖'),
('819', 'D105', 'P001', '2020-11-23 14:14:10', '0', '0', '0', 38.9, '口罩辨識截圖'),
('821', 'D101', 'P003', '2020-11-23 14:14:14', '0', '0', '0', 37.2, '口罩辨識截圖'),
('831', 'D103', 'P002', '2020-11-23 14:14:31', '0', '1', '1', 36.1, '口罩辨識截圖'),
('832', 'D104', 'P001', '2020-11-23 14:14:32', '1', '0', '1', 38.8, '口罩辨識截圖'),
('848', 'D104', 'P001', '2020-11-23 14:15:19', '1', '0', '1', 37.4, '口罩辨識截圖'),
('856', 'D108', 'P005', '2020-11-23 14:15:38', '1', '1', '1', 36.2, '口罩辨識截圖'),
('865', 'D004', 'P005', '2020-11-23 14:15:53', '0', '0', '0', 38.5, '口罩辨識截圖'),
('866', 'D108', 'P003', '2020-11-23 14:15:53', '1', '0', '1', 38.1, '口罩辨識截圖'),
('870', 'D003', 'P002', '2020-11-23 14:16:01', '0', '1', '0', 37.9, '口罩辨識截圖'),
('876', 'D108', 'P002', '2020-11-23 14:16:14', '0', '0', '0', 38.6, '口罩辨識截圖'),
('888', 'D006', 'P005', '2020-11-23 14:16:41', '1', '0', '0', 37.7, '口罩辨識截圖'),
('897', 'D004', 'P004', '2020-11-23 14:17:02', '0', '0', '1', 36.1, '口罩辨識截圖'),
('904', 'D101', 'P002', '2020-11-23 14:17:13', '1', '1', '1', 38.7, '口罩辨識截圖'),
('919', 'D004', 'P002', '2020-11-23 14:17:42', '0', '0', '1', 37.8, '口罩辨識截圖'),
('925', 'D102', 'P003', '2020-11-23 14:18:01', '0', '0', '0', 38.3, '口罩辨識截圖'),
('930', 'D108', 'P003', '2020-11-23 14:18:12', '0', '0', '0', 39.1, '口罩辨識截圖'),
('937', 'D005', 'P001', '2020-11-23 14:18:28', '0', '1', '0', 37, '口罩辨識截圖'),
('943', 'D003', 'P003', '2020-11-23 14:18:47', '0', '0', '1', 37.5, '口罩辨識截圖'),
('950', 'D105', 'P004', '2020-11-23 14:19:01', '1', '0', '0', 38.2, '口罩辨識截圖'),
('960', 'D103', 'P004', '2020-11-23 14:19:23', '1', '0', '0', 39.1, '口罩辨識截圖'),
('965', 'D003', 'P002', '2020-11-23 14:19:31', '0', '1', '0', 38.9, '口罩辨識截圖'),
('977', 'D008', 'P003', '2020-11-23 14:19:58', '0', '1', '0', 39.8, '口罩辨識截圖'),
('981', 'D002', 'P005', '2020-11-23 14:20:04', '1', '0', '0', 39.1, '口罩辨識截圖'),
('992', 'D005', 'P005', '2020-11-23 14:20:33', '1', '1', '1', 35.9, '口罩辨識截圖'),
('1001', 'D001', 'P001', '2020-11-23 14:21:02', '0', '1', '1', 37.6, '口罩辨識截圖'),
('1007', 'D108', 'P005', '2020-11-23 14:21:15', '1', '1', '1', 37.4, '口罩辨識截圖'),
('1015', 'D101', 'P002', '2020-11-23 14:21:34', '0', '0', '0', 39.3, '口罩辨識截圖'),
('1025', 'D108', 'P005', '2020-11-23 14:21:51', '1', '1', '0', 36.6, '口罩辨識截圖'),
('1035', 'D003', 'P005', '2020-11-23 14:22:15', '0', '0', '0', 35.8, '口罩辨識截圖'),
('1040', 'D106', 'P003', '2020-11-23 14:22:30', '1', '0', '1', 38.5, '口罩辨識截圖'),
('1049', 'D002', 'P004', '2020-11-23 14:22:47', '1', '0', '0', 36.4, '口罩辨識截圖'),
('1052', 'D105', 'P005', '2020-11-23 14:22:55', '0', '0', '1', 39.3, '口罩辨識截圖'),
('1056', 'D006', 'P004', '2020-11-23 14:23:03', '0', '1', '0', 38.6, '口罩辨識截圖'),
('1065', 'D106', 'P003', '2020-11-23 14:23:17', '1', '0', '1', 36.7, '口罩辨識截圖'),
('1076', 'D103', 'P001', '2020-11-23 14:23:38', '0', '0', '0', 37.7, '口罩辨識截圖'),
('1077', 'D003', 'P001', '2020-11-23 14:23:45', '0', '0', '0', 36.7, '口罩辨識截圖'),
('1081', 'D004', 'P004', '2020-11-23 14:23:52', '1', '0', '1', 36.8, '口罩辨識截圖'),
('1094', 'D006', 'P001', '2020-11-23 14:24:22', '1', '1', '0', 36.7, '口罩辨識截圖'),
('1110', 'D106', 'P004', '2020-11-23 14:24:50', '0', '0', '0', 39.9, '口罩辨識截圖'),
('1126', 'D101', 'P005', '2020-11-23 14:25:30', '1', '0', '1', 38.9, '口罩辨識截圖'),
('1142', 'D004', 'P003', '2020-11-23 14:25:50', '1', '1', '0', 39.8, '口罩辨識截圖'),
('1153', 'D108', 'P002', '2020-11-23 14:26:12', '1', '1', '0', 35.9, '口罩辨識截圖'),
('1157', 'D001', 'P003', '2020-11-23 14:26:15', '1', '0', '0', 37.6, '口罩辨識截圖'),
('1244', 'D101', 'P004', '2020-11-23 14:28:26', '0', '1', '1', 36.7, '口罩辨識截圖'),
('1245', 'D103', 'P002', '2020-11-23 14:28:27', '0', '0', '1', 35.6, '口罩辨識截圖'),
('1275', 'D101', 'P001', '2020-11-23 14:29:07', '0', '0', '0', 36.9, '口罩辨識截圖'),
('1281', 'D102', 'P002', '2020-11-23 14:29:11', '0', '0', '0', 39.4, '口罩辨識截圖'),
('1304', 'D108', 'P003', '2020-11-23 14:29:36', '0', '1', '0', 37.9, '口罩辨識截圖'),
('1308', 'D107', 'P001', '2020-11-23 14:29:40', '1', '0', '1', 36.4, '口罩辨識截圖'),
('1325', 'D103', 'P005', '2020-11-23 14:30:09', '1', '0', '0', 39.6, '口罩辨識截圖'),
('1342', 'D008', 'P001', '2020-11-23 14:30:28', '0', '0', '1', 35.2, '口罩辨識截圖'),
('1367', 'D006', 'P003', '2020-11-23 14:30:56', '0', '0', '1', 38.6, '口罩辨識截圖'),
('1373', 'D001', 'P001', '2020-11-23 14:30:58', '0', '0', '1', 35.2, '口罩辨識截圖'),
('1374', 'D002', 'P004', '2020-11-23 14:30:58', '1', '1', '1', 37.4, '口罩辨識截圖'),
('1378', 'D107', 'P004', '2020-11-23 14:31:02', '1', '1', '0', 38.4, '口罩辨識截圖'),
('1388', 'D007', 'P005', '2020-11-23 14:31:18', '1', '1', '0', 38.9, '口罩辨識截圖'),
('1409', 'D008', 'P004', '2020-11-23 14:31:44', '0', '1', '0', 39.6, '口罩辨識截圖'),
('1414', 'D002', 'P004', '2020-11-23 14:31:51', '0', '0', '1', 36.1, '口罩辨識截圖'),
('1419', 'D004', 'P005', '2020-11-23 14:32:00', '0', '0', '0', 38, '口罩辨識截圖'),
('1437', 'D107', 'P002', '2020-11-23 14:32:20', '0', '0', '1', 35.9, '口罩辨識截圖'),
('1460', 'D005', 'P004', '2020-11-23 14:32:49', '1', '0', '1', 39.6, '口罩辨識截圖'),
('1465', 'D108', 'P004', '2020-11-23 14:32:54', '0', '1', '0', 35.5, '口罩辨識截圖'),
('1486', 'D001', 'P004', '2020-11-23 14:33:15', '1', '0', '1', 38.2, '口罩辨識截圖'),
('1488', 'D002', 'P005', '2020-11-23 14:33:15', '1', '0', '1', 39.8, '口罩辨識截圖'),
('1501', 'D004', 'P004', '2020-11-23 14:33:33', '0', '1', '0', 37.7, '口罩辨識截圖'),
('1509', 'D005', 'P002', '2020-11-23 14:33:39', '0', '0', '1', 35.2, '口罩辨識截圖'),
('1531', 'D103', 'P002', '2020-11-23 14:34:05', '0', '0', '0', 37.6, '口罩辨識截圖'),
('1537', 'D006', 'P004', '2020-11-23 14:34:12', '1', '1', '0', 39.2, '口罩辨識截圖'),
('1542', 'D105', 'P002', '2020-11-23 14:34:15', '0', '1', '0', 38, '口罩辨識截圖'),
('1546', 'D107', 'P001', '2020-11-23 14:34:20', '0', '1', '0', 37.5, '口罩辨識截圖'),
('1563', 'D002', 'P004', '2020-11-23 14:34:42', '1', '0', '0', 37.3, '口罩辨識截圖'),
('1577', 'D102', 'P002', '2020-11-23 14:35:01', '0', '0', '0', 39, '口罩辨識截圖'),
('1601', 'D004', 'P005', '2020-11-23 14:35:26', '1', '0', '0', 35.8, '口罩辨識截圖'),
('1609', 'D107', 'P001', '2020-11-23 14:35:35', '0', '1', '1', 39.9, '口罩辨識截圖'),
('1627', 'D102', 'P005', '2020-11-23 14:35:58', '0', '1', '1', 37.4, '口罩辨識截圖'),
('1634', 'D106', 'P005', '2020-11-23 14:36:02', '1', '1', '0', 38.2, '口罩辨識截圖'),
('1655', 'D001', 'P002', '2020-11-23 14:36:23', '1', '1', '1', 37.8, '口罩辨識截圖'),
('1672', 'D003', 'P003', '2020-11-23 14:36:49', '0', '1', '0', 37.3, '口罩辨識截圖'),
('1677', 'D002', 'P002', '2020-11-23 14:36:55', '1', '1', '0', 40, '口罩辨識截圖'),
('1688', 'D108', 'P005', '2020-11-23 14:37:12', '0', '0', '0', 39.4, '口罩辨識截圖'),
('1709', 'D107', 'P002', '2020-11-23 14:37:41', '0', '0', '1', 39.5, '口罩辨識截圖'),
('1718', 'D108', 'P002', '2020-11-23 14:37:52', '0', '0', '0', 36.4, '口罩辨識截圖'),
('1741', 'D105', 'P003', '2020-11-23 14:38:18', '1', '1', '0', 37.2, '口罩辨識截圖'),
('1753', 'D101', 'P001', '2020-11-23 14:38:31', '1', '1', '1', 38.9, '口罩辨識截圖'),
('1771', 'D004', 'P005', '2020-11-23 14:38:50', '1', '1', '0', 39.6, '口罩辨識截圖'),
('1778', 'D108', 'P001', '2020-11-23 14:38:56', '1', '0', '1', 38.7, '口罩辨識截圖'),
('1787', 'D001', 'P002', '2020-11-23 14:39:09', '0', '1', '1', 37.8, '口罩辨識截圖'),
('1793', 'D002', 'P001', '2020-11-23 14:39:14', '0', '1', '0', 36.2, '口罩辨識截圖'),
('1797', 'D006', 'P001', '2020-11-23 14:39:25', '1', '0', '0', 36.3, '口罩辨識截圖'),
('1800', 'D108', 'P004', '2020-11-23 14:39:30', '0', '0', '1', 36.7, '口罩辨識截圖'),
('1811', 'D103', 'P005', '2020-11-23 14:39:36', '0', '1', '1', 37.3, '口罩辨識截圖'),
('1821', 'D108', 'P003', '2020-11-23 14:39:45', '1', '1', '0', 38.5, '口罩辨識截圖'),
('1846', 'D107', 'P005', '2020-11-23 14:40:15', '1', '0', '0', 36.9, '口罩辨識截圖'),
('1856', 'D103', 'P005', '2020-11-23 14:40:31', '1', '0', '0', 37.3, '口罩辨識截圖'),
('1872', 'D001', 'P001', '2020-11-23 14:40:47', '0', '0', '0', 39.8, '口罩辨識截圖'),
('1896', 'D103', 'P001', '2020-11-23 14:41:06', '0', '1', '0', 36.3, '口罩辨識截圖'),
('1909', 'D108', 'P005', '2020-11-23 14:41:27', '0', '1', '1', 36, '口罩辨識截圖'),
('1912', 'D105', 'P001', '2020-11-23 14:41:28', '0', '1', '0', 37.4, '口罩辨識截圖'),
('1938', 'D107', 'P002', '2020-11-23 14:41:57', '1', '0', '1', 38.3, '口罩辨識截圖'),
('1942', 'D006', 'P001', '2020-11-23 14:41:59', '1', '0', '0', 38.3, '口罩辨識截圖'),
('1959', 'D106', 'P004', '2020-11-23 14:42:22', '0', '1', '0', 35.3, '口罩辨識截圖'),
('1971', 'D003', 'P003', '2020-11-23 14:42:30', '1', '1', '1', 36.7, '口罩辨識截圖'),
('1991', 'D002', 'P002', '2020-11-23 14:42:55', '0', '0', '1', 39.6, '口罩辨識截圖'),
('2016', 'D101', 'P002', '2020-11-23 14:43:21', '1', '0', '1', 39.3, '口罩辨識截圖'),
('2036', 'D003', 'P001', '2020-11-23 14:43:42', '0', '1', '0', 37.3, '口罩辨識截圖'),
('2054', 'D103', 'P005', '2020-11-23 14:44:05', '1', '1', '1', 35.5, '口罩辨識截圖'),
('2055', 'D004', 'P001', '2020-11-23 14:44:06', '0', '1', '1', 37.1, '口罩辨識截圖'),
('2062', 'D107', 'P001', '2020-11-23 14:44:14', '0', '1', '0', 35.9, '口罩辨識截圖'),
('2075', 'D004', 'P001', '2020-11-23 14:44:26', '0', '0', '0', 38.4, '口罩辨識截圖'),
('2088', 'D106', 'P003', '2020-11-23 14:44:42', '0', '0', '0', 39.8, '口罩辨識截圖'),
('2105', 'D004', 'P004', '2020-11-23 14:44:56', '1', '1', '0', 35.1, '口罩辨識截圖'),
('2114', 'D105', 'P004', '2020-11-23 14:45:12', '1', '0', '0', 38.6, '口罩辨識截圖'),
('2138', 'D105', 'P005', '2020-11-23 14:45:36', '1', '1', '1', 36.1, '口罩辨識截圖'),
('2148', 'D108', 'P002', '2020-11-23 14:45:47', '0', '0', '0', 36, '口罩辨識截圖'),
('2160', 'D005', 'P005', '2020-11-23 14:45:57', '0', '0', '1', 36.2, '口罩辨識截圖'),
('2167', 'D001', 'P004', '2020-11-23 14:46:02', '0', '0', '0', 39, '口罩辨識截圖'),
('2199', 'D004', 'P004', '2020-11-23 14:46:31', '0', '0', '1', 35.7, '口罩辨識截圖'),
('2229', 'D003', 'P003', '2020-11-23 14:46:58', '1', '1', '1', 35.6, '口罩辨識截圖'),
('2250', 'D006', 'P005', '2020-11-23 14:47:22', '0', '0', '1', 38.4, '口罩辨識截圖'),
('2267', 'D004', 'P005', '2020-11-23 14:47:41', '1', '0', '0', 37.1, '口罩辨識截圖'),
('2287', 'D105', 'P003', '2020-11-23 14:48:02', '1', '0', '0', 39.2, '口罩辨識截圖'),
('2302', 'D006', 'P004', '2020-11-23 14:48:14', '1', '1', '1', 38.1, '口罩辨識截圖'),
('2310', 'D101', 'P002', '2020-11-23 14:48:28', '1', '1', '0', 38.4, '口罩辨識截圖'),
('2342', 'D002', 'P001', '2020-11-23 14:48:57', '1', '1', '1', 38.2, '口罩辨識截圖'),
('2358', 'D003', 'P003', '2020-11-23 14:49:17', '1', '0', '0', 36.8, '口罩辨識截圖'),
('2360', 'D004', 'P001', '2020-11-23 14:49:18', '1', '0', '0', 35.8, '口罩辨識截圖'),
('2386', 'D008', 'P001', '2020-11-23 14:49:46', '1', '1', '0', 36.9, '口罩辨識截圖'),
('2393', 'D101', 'P001', '2020-11-23 14:49:52', '1', '0', '1', 35.5, '口罩辨識截圖'),
('2417', 'D107', 'P003', '2020-11-23 14:50:12', '0', '0', '0', 36.1, '口罩辨識截圖'),
('2435', 'D108', 'P002', '2020-11-23 14:50:32', '0', '1', '0', 36.3, '口罩辨識截圖'),
('2452', 'D101', 'P003', '2020-11-23 14:50:50', '1', '1', '1', 39.4, '口罩辨識截圖'),
('2460', 'D001', 'P002', '2020-11-23 14:51:01', '1', '1', '1', 37.9, '口罩辨識截圖'),
('2473', 'D008', 'P002', '2020-11-23 14:51:16', '1', '0', '1', 39.9, '口罩辨識截圖'),
('2481', 'D003', 'P005', '2020-11-23 14:51:25', '1', '1', '1', 39.3, '口罩辨識截圖'),
('2491', 'D006', 'P002', '2020-11-23 14:51:36', '0', '0', '0', 37.3, '口罩辨識截圖'),
('2509', 'D001', 'P001', '2020-11-23 14:51:54', '1', '0', '0', 36.9, '口罩辨識截圖'),
('2517', 'D105', 'P002', '2020-11-23 14:52:05', '0', '0', '1', 39.9, '口罩辨識截圖'),
('2533', 'D105', 'P005', '2020-11-23 14:52:20', '0', '0', '1', 36, '口罩辨識截圖'),
('2556', 'D105', 'P003', '2020-11-23 14:52:49', '0', '1', '1', 36.7, '口罩辨識截圖'),
('2590', 'D103', 'P001', '2020-11-23 14:53:18', '1', '1', '1', 36.6, '口罩辨識截圖'),
('2601', 'D008', 'P005', '2020-11-23 14:53:30', '1', '0', '0', 39.8, '口罩辨識截圖'),
('2609', 'D108', 'P005', '2020-11-23 14:53:42', '0', '0', '1', 35.6, '口罩辨識截圖'),
('2629', 'D101', 'P004', '2020-11-23 14:54:04', '0', '0', '1', 37.7, '口罩辨識截圖'),
('2650', 'D002', 'P005', '2020-11-23 14:54:26', '0', '0', '1', 37.3, '口罩辨識截圖'),
('2659', 'D008', 'P003', '2020-11-23 14:54:32', '1', '1', '1', 39, '口罩辨識截圖'),
('2678', 'D007', 'P005', '2020-11-23 14:54:56', '1', '1', '0', 37.3, '口罩辨識截圖'),
('2699', 'D105', 'P001', '2020-11-23 14:55:19', '0', '0', '1', 39.4, '口罩辨識截圖'),
('2701', 'D007', 'P003', '2020-11-23 14:55:20', '1', '0', '0', 36.3, '口罩辨識截圖'),
('2705', 'D101', 'P002', '2020-11-23 14:55:23', '1', '0', '1', 35.8, '口罩辨識截圖'),
('2727', 'D102', 'P002', '2020-11-23 14:55:48', '1', '1', '0', 37.6, '口罩辨識截圖'),
('2732', 'D007', 'P004', '2020-11-23 14:55:57', '1', '1', '0', 38.4, '口罩辨識截圖'),
('2735', 'D102', 'P004', '2020-11-23 14:56:00', '1', '1', '0', 37.1, '口罩辨識截圖'),
('2752', 'D005', 'P005', '2020-11-23 14:56:16', '1', '0', '0', 36.5, '口罩辨識截圖'),
('2763', 'D106', 'P003', '2020-11-23 14:56:29', '1', '1', '1', 38, '口罩辨識截圖'),
('2777', 'D104', 'P002', '2020-11-23 14:56:43', '1', '0', '1', 39.5, '口罩辨識截圖'),
('2799', 'D005', 'P004', '2020-11-23 14:57:02', '1', '0', '1', 35.1, '口罩辨識截圖'),
('2811', 'D103', 'P004', '2020-11-23 14:57:20', '1', '1', '0', 35.4, '口罩辨識截圖'),
('2821', 'D101', 'P002', '2020-11-23 14:57:32', '1', '1', '1', 39.2, '口罩辨識截圖'),
('2841', 'D102', 'P005', '2020-11-23 14:57:57', '1', '0', '1', 38.7, '口罩辨識截圖'),
('2849', 'D106', 'P001', '2020-11-23 14:58:04', '1', '0', '1', 39.1, '口罩辨識截圖'),
('2863', 'D005', 'P003', '2020-11-23 14:58:20', '0', '0', '0', 39, '口罩辨識截圖'),
('2873', 'D004', 'P005', '2020-11-23 14:58:28', '1', '1', '0', 39.1, '口罩辨識截圖'),
('2881', 'D101', 'P004', '2020-11-23 14:58:39', '0', '1', '1', 37.5, '口罩辨識截圖'),
('2902', 'D001', 'P004', '2020-11-23 14:59:06', '1', '1', '0', 36.6, '口罩辨識截圖'),
('2923', 'D006', 'P005', '2020-11-23 14:59:30', '0', '1', '0', 39.3, '口罩辨識截圖'),
('2926', 'D008', 'P004', '2020-11-23 14:59:34', '0', '0', '0', 39.4, '口罩辨識截圖'),
('2951', 'D002', 'P005', '2020-11-23 14:59:54', '1', '1', '1', 36.4, '口罩辨識截圖'),
('2960', 'D106', 'P005', '2020-11-23 15:00:12', '0', '1', '0', 39.8, '口罩辨識截圖'),
('2968', 'D108', 'P002', '2020-11-23 15:00:16', '1', '0', '1', 36, '口罩辨識截圖'),
('2972', 'D008', 'P004', '2020-11-23 15:00:18', '1', '0', '1', 38.5, '口罩辨識截圖'),
('2982', 'D108', 'P004', '2020-11-23 15:00:27', '1', '0', '0', 39.3, '口罩辨識截圖'),
('2992', 'D101', 'P002', '2020-11-23 15:00:36', '1', '1', '0', 38.2, '口罩辨識截圖'),
('3006', 'D105', 'P002', '2020-11-23 15:00:51', '0', '0', '1', 38.2, '口罩辨識截圖'),
('3019', 'D101', 'P001', '2020-11-23 15:01:03', '0', '0', '1', 37.1, '口罩辨識截圖'),
('3023', 'D108', 'P002', '2020-11-23 15:01:10', '1', '1', '1', 35.5, '口罩辨識截圖'),
('3028', 'D108', 'P005', '2020-11-23 15:01:14', '1', '1', '0', 37.5, '口罩辨識截圖'),
('3033', 'D103', 'P001', '2020-11-23 15:01:19', '0', '1', '0', 39.1, '口罩辨識截圖'),
('3049', 'D104', 'P003', '2020-11-23 15:01:30', '1', '1', '0', 39.8, '口罩辨識截圖'),
('3051', 'D104', 'P002', '2020-11-23 15:01:32', '1', '0', '0', 39, '口罩辨識截圖'),
('3072', 'D106', 'P004', '2020-11-23 15:01:58', '1', '1', '1', 38.5, '口罩辨識截圖'),
('3082', 'D004', 'P001', '2020-11-23 15:02:08', '1', '0', '0', 36.2, '口罩辨識截圖'),
('3101', 'D008', 'P004', '2020-11-23 15:02:32', '1', '0', '0', 36.1, '口罩辨識截圖'),
('3132', 'D004', 'P003', '2020-11-23 15:03:00', '1', '1', '0', 38.4, '口罩辨識截圖'),
('3158', 'D006', 'P002', '2020-11-23 15:03:25', '1', '1', '1', 39.6, '口罩辨識截圖'),
('3159', 'D108', 'P001', '2020-11-23 15:03:25', '1', '1', '1', 38.6, '口罩辨識截圖'),
('3171', 'D104', 'P001', '2020-11-23 15:03:40', '0', '0', '1', 37.1, '口罩辨識截圖'),
('3177', 'D101', 'P003', '2020-11-23 15:03:46', '1', '1', '1', 36.4, '口罩辨識截圖'),
('3197', 'D108', 'P004', '2020-11-23 15:04:09', '0', '0', '1', 39.4, '口罩辨識截圖'),
('3214', 'D104', 'P003', '2020-11-23 15:04:28', '0', '0', '0', 38, '口罩辨識截圖'),
('3225', 'D107', 'P001', '2020-11-23 15:04:38', '1', '0', '0', 37.3, '口罩辨識截圖'),
('3231', 'D006', 'P002', '2020-11-23 15:04:48', '0', '1', '0', 39.8, '口罩辨識截圖'),
('3245', 'D004', 'P003', '2020-11-23 15:04:59', '1', '1', '0', 39.4, '口罩辨識截圖'),
('3267', 'D008', 'P003', '2020-11-23 15:05:23', '1', '0', '0', 36.7, '口罩辨識截圖'),
('3280', 'D106', 'P002', '2020-11-23 15:05:33', '1', '0', '0', 39.2, '口罩辨識截圖'),
('3299', 'D106', 'P001', '2020-11-23 15:05:55', '1', '1', '1', 37, '口罩辨識截圖'),
('3300', 'D106', 'P002', '2020-11-23 15:05:56', '0', '0', '0', 37, '口罩辨識截圖'),
('3307', 'D107', 'P001', '2020-11-23 15:06:06', '0', '1', '1', 38.4, '口罩辨識截圖'),
('3310', 'D004', 'P005', '2020-11-23 15:06:08', '1', '1', '1', 35.7, '口罩辨識截圖'),
('3320', 'D102', 'P001', '2020-11-23 15:06:20', '0', '1', '0', 37.7, '口罩辨識截圖'),
('3343', 'D105', 'P001', '2020-11-23 15:06:43', '0', '1', '1', 37.3, '口罩辨識截圖'),
('3360', 'D106', 'P002', '2020-11-23 15:07:03', '0', '0', '0', 35.5, '口罩辨識截圖'),
('3387', 'D105', 'P004', '2020-11-23 15:07:32', '1', '1', '0', 35.3, '口罩辨識截圖'),
('3409', 'D108', 'P005', '2020-11-23 15:07:57', '1', '0', '0', 35.1, '口罩辨識截圖'),
('3427', 'D102', 'P003', '2020-11-23 15:08:20', '0', '1', '1', 35.6, '口罩辨識截圖'),
('3442', 'D102', 'P005', '2020-11-23 15:08:36', '1', '0', '0', 36.7, '口罩辨識截圖'),
('3444', 'D103', 'P004', '2020-11-23 15:08:40', '0', '1', '1', 39.7, '口罩辨識截圖'),
('3455', 'D102', 'P001', '2020-11-23 15:08:52', '0', '1', '0', 37.3, '口罩辨識截圖'),
('3464', 'D006', 'P005', '2020-11-23 15:09:04', '0', '0', '1', 35.8, '口罩辨識截圖'),
('3489', 'D007', 'P001', '2020-11-23 15:09:27', '1', '0', '1', 35.4, '口罩辨識截圖'),
('3490', 'D106', 'P004', '2020-11-23 15:09:29', '0', '1', '1', 37, '口罩辨識截圖'),
('3524', 'D002', 'P001', '2020-11-23 15:09:55', '1', '0', '0', 39.8, '口罩辨識截圖'),
('3544', 'D101', 'P004', '2020-11-23 15:10:20', '0', '1', '0', 39.5, '口罩辨識截圖'),
('3553', 'D007', 'P002', '2020-11-23 15:10:30', '0', '0', '0', 35.7, '口罩辨識截圖'),
('3564', 'D108', 'P002', '2020-11-23 15:10:47', '0', '0', '0', 35, '口罩辨識截圖'),
('3579', 'D108', 'P002', '2020-11-23 15:11:06', '0', '0', '1', 35.3, '口罩辨識截圖'),
('3595', 'D005', 'P002', '2020-11-23 15:11:24', '0', '1', '0', 37.7, '口罩辨識截圖'),
('3611', 'D004', 'P002', '2020-11-23 15:11:39', '0', '1', '1', 35.7, '口罩辨識截圖'),
('3629', 'D008', 'P004', '2020-11-23 15:11:58', '1', '1', '0', 38.7, '口罩辨識截圖'),
('3642', 'D104', 'P004', '2020-11-23 15:12:13', '0', '1', '1', 39.6, '口罩辨識截圖'),
('3651', 'D005', 'P002', '2020-11-23 15:12:18', '1', '1', '0', 38, '口罩辨識截圖'),
('3667', 'D007', 'P003', '2020-11-23 15:12:41', '0', '0', '0', 37.6, '口罩辨識截圖'),
('3669', 'D106', 'P001', '2020-11-23 15:12:45', '1', '0', '1', 37.8, '口罩辨識截圖'),
('3683', 'D101', 'P005', '2020-11-23 15:12:56', '1', '1', '0', 39.7, '口罩辨識截圖'),
('3687', 'D105', 'P002', '2020-11-23 15:12:59', '0', '1', '0', 38.3, '口罩辨識截圖'),
('3706', 'D007', 'P005', '2020-11-23 15:13:18', '0', '1', '0', 35.3, '口罩辨識截圖'),
('3712', 'D008', 'P002', '2020-11-23 15:13:24', '1', '1', '1', 37.9, '口罩辨識截圖'),
('3732', 'D001', 'P001', '2020-11-23 15:13:46', '0', '0', '0', 39.8, '口罩辨識截圖'),
('3757', 'D004', 'P005', '2020-11-23 15:14:14', '1', '0', '0', 37.6, '口罩辨識截圖'),
('3761', 'D107', 'P001', '2020-11-23 15:14:20', '1', '1', '1', 38.5, '口罩辨識截圖'),
('3792', 'D006', 'P002', '2020-11-23 15:14:46', '0', '0', '1', 38.3, '口罩辨識截圖'),
('3793', 'D002', 'P001', '2020-11-23 15:14:48', '1', '0', '1', 39.9, '口罩辨識截圖'),
('3798', 'D008', 'P003', '2020-11-23 15:14:52', '0', '1', '0', 35.4, '口罩辨識截圖'),
('3803', 'D005', 'P001', '2020-11-23 15:14:57', '1', '1', '0', 37.2, '口罩辨識截圖'),
('3819', 'D005', 'P001', '2020-11-23 15:15:13', '1', '0', '0', 39.7, '口罩辨識截圖'),
('3841', 'D001', 'P001', '2020-11-23 15:15:38', '1', '1', '0', 39.2, '口罩辨識截圖'),
('3867', 'D106', 'P003', '2020-11-23 15:16:06', '1', '0', '0', 39.5, '口罩辨識截圖'),
('3884', 'D008', 'P004', '2020-11-23 15:16:24', '0', '1', '0', 37.8, '口罩辨識截圖'),
('3906', 'D006', 'P005', '2020-11-23 15:16:51', '1', '0', '0', 35.6, '口罩辨識截圖'),
('3927', 'D105', 'P003', '2020-11-23 15:17:10', '1', '1', '1', 37.1, '口罩辨識截圖'),
('3948', 'D001', 'P001', '2020-11-23 15:17:34', '1', '0', '1', 39.2, '口罩辨識截圖'),
('3961', 'D104', 'P002', '2020-11-23 15:17:46', '1', '0', '1', 40, '口罩辨識截圖'),
('3979', 'D002', 'P004', '2020-11-23 15:18:07', '1', '0', '1', 35.4, '口罩辨識截圖'),
('3980', 'D007', 'P005', '2020-11-23 15:18:09', '1', '1', '1', 35.6, '口罩辨識截圖'),
('3983', 'D101', 'P003', '2020-11-23 15:18:11', '0', '1', '1', 37.8, '口罩辨識截圖'),
('3989', 'D005', 'P005', '2020-11-23 15:18:14', '1', '1', '0', 39.3, '口罩辨識截圖'),
('4002', 'D006', 'P001', '2020-11-23 15:18:26', '1', '0', '0', 36.7, '口罩辨識截圖'),
('4014', 'D108', 'P004', '2020-11-23 15:18:36', '1', '0', '0', 39.5, '口罩辨識截圖'),
('4031', 'D103', 'P005', '2020-11-23 15:18:53', '0', '0', '0', 39.7, '口罩辨識截圖'),
('4048', 'D005', 'P001', '2020-11-23 15:19:15', '1', '0', '0', 39.3, '口罩辨識截圖'),
('4057', 'D004', 'P003', '2020-11-23 15:19:26', '0', '0', '0', 37.1, '口罩辨識截圖'),
('4083', 'D004', 'P005', '2020-11-23 15:19:55', '0', '0', '0', 36.3, '口罩辨識截圖'),
('4093', 'D004', 'P004', '2020-11-23 15:20:07', '1', '1', '1', 38.2, '口罩辨識截圖'),
('4114', 'D104', 'P004', '2020-11-23 15:20:28', '1', '0', '0', 38.6, '口罩辨識截圖'),
('4138', 'D104', 'P003', '2020-11-23 15:20:57', '0', '1', '0', 37.6, '口罩辨識截圖'),
('4158', 'D104', 'P004', '2020-11-23 15:21:20', '0', '1', '1', 36.5, '口罩辨識截圖'),
('4168', 'D104', 'P003', '2020-11-23 15:21:33', '1', '0', '0', 37.9, '口罩辨識截圖'),
('4177', 'D007', 'P002', '2020-11-23 15:21:41', '1', '0', '1', 37, '口罩辨識截圖'),
('4198', 'D101', 'P004', '2020-11-23 15:22:05', '1', '1', '0', 37.1, '口罩辨識截圖'),
('4200', 'D006', 'P002', '2020-11-23 15:22:07', '0', '0', '1', 36, '口罩辨識截圖'),
('4216', 'D002', 'P005', '2020-11-23 15:22:28', '0', '1', '0', 35.6, '口罩辨識截圖'),
('4232', 'D002', 'P001', '2020-11-23 15:22:45', '0', '1', '0', 38.3, '口罩辨識截圖'),
('4242', 'D108', 'P003', '2020-11-23 15:23:02', '0', '1', '0', 38.7, '口罩辨識截圖'),
('4253', 'D003', 'P005', '2020-11-23 15:23:17', '1', '1', '0', 36.6, '口罩辨識截圖'),
('4269', 'D005', 'P001', '2020-11-23 15:23:35', '1', '0', '1', 36.7, '口罩辨識截圖'),
('4270', 'D002', 'P003', '2020-11-23 15:23:35', '0', '1', '1', 37.8, '口罩辨識截圖'),
('4286', 'D008', 'P003', '2020-11-23 15:23:51', '1', '1', '0', 38.4, '口罩辨識截圖'),
('4288', 'D102', 'P004', '2020-11-23 15:23:52', '0', '1', '1', 38.9, '口罩辨識截圖'),
('4296', 'D005', 'P004', '2020-11-23 15:24:01', '0', '0', '1', 36.7, '口罩辨識截圖'),
('4322', 'D102', 'P005', '2020-11-23 15:24:27', '1', '1', '1', 38.9, '口罩辨識截圖'),
('4340', 'D007', 'P003', '2020-11-23 15:24:47', '0', '0', '0', 39.3, '口罩辨識截圖'),
('4350', 'D007', 'P005', '2020-11-23 15:24:58', '1', '1', '0', 36.6, '口罩辨識截圖'),
('4377', 'D105', 'P003', '2020-11-23 15:25:25', '0', '0', '0', 35.2, '口罩辨識截圖'),
('4382', 'D007', 'P004', '2020-11-23 15:25:33', '1', '0', '0', 36.9, '口罩辨識截圖'),
('4394', 'D103', 'P004', '2020-11-23 15:25:44', '0', '0', '0', 38.5, '口罩辨識截圖'),
('4413', 'D101', 'P003', '2020-11-23 15:26:06', '1', '0', '0', 35.9, '口罩辨識截圖'),
('4425', 'D002', 'P004', '2020-11-23 15:26:18', '1', '1', '1', 36.9, '口罩辨識截圖'),
('4452', 'D101', 'P003', '2020-11-23 15:26:46', '0', '0', '1', 38.4, '口罩辨識截圖'),
('4471', 'D106', 'P005', '2020-11-23 15:27:08', '1', '0', '1', 36.3, '口罩辨識截圖'),
('4492', 'D005', 'P004', '2020-11-23 15:27:30', '0', '0', '0', 36.5, '口罩辨識截圖'),
('4502', 'D108', 'P002', '2020-11-23 15:27:40', '0', '0', '1', 35.4, '口罩辨識截圖'),
('4518', 'D006', 'P005', '2020-11-23 15:27:59', '0', '1', '1', 39.4, '口罩辨識截圖'),
('4525', 'D108', 'P001', '2020-11-23 15:28:10', '0', '0', '1', 36.4, '口罩辨識截圖'),
('4536', 'D005', 'P004', '2020-11-23 15:28:23', '0', '0', '0', 37.3, '口罩辨識截圖'),
('4551', 'D004', 'P002', '2020-11-23 15:28:35', '0', '1', '0', 37.8, '口罩辨識截圖'),
('4575', 'D108', 'P001', '2020-11-23 15:29:00', '1', '1', '1', 37.3, '口罩辨識截圖'),
('4581', 'D002', 'P002', '2020-11-23 15:29:08', '1', '1', '1', 37.7, '口罩辨識截圖'),
('4583', 'D104', 'P004', '2020-11-23 15:29:09', '0', '0', '1', 36.6, '口罩辨識截圖'),
('4596', 'D002', 'P005', '2020-11-23 15:29:30', '1', '0', '0', 36, '口罩辨識截圖'),
('4605', 'D108', 'P002', '2020-11-23 15:29:41', '0', '0', '1', 39.8, '口罩辨識截圖'),
('4624', 'D101', 'P002', '2020-11-23 15:29:59', '0', '0', '0', 36.6, '口罩辨識截圖'),
('4650', 'D005', 'P002', '2020-11-23 15:30:25', '0', '1', '1', 37.5, '口罩辨識截圖'),
('4656', 'D105', 'P001', '2020-11-23 15:30:34', '0', '1', '1', 39.7, '口罩辨識截圖'),
('4661', 'D105', 'P003', '2020-11-23 15:30:41', '0', '0', '1', 38.2, '口罩辨識截圖'),
('4691', 'D006', 'P005', '2020-11-23 15:31:09', '0', '0', '0', 39.1, '口罩辨識截圖'),
('4717', 'D007', 'P003', '2020-11-23 15:31:33', '0', '0', '0', 37.2, '口罩辨識截圖'),
('4725', 'D001', 'P001', '2020-11-23 15:31:43', '0', '0', '0', 38.6, '口罩辨識截圖'),
('4733', 'D104', 'P005', '2020-11-23 15:31:51', '0', '0', '0', 36.8, '口罩辨識截圖'),
('4750', 'D004', 'P001', '2020-11-23 15:32:10', '0', '1', '1', 37.7, '口罩辨識截圖'),
('4765', 'D101', 'P005', '2020-11-23 15:32:24', '1', '0', '0', 38.2, '口罩辨識截圖'),
('4769', 'D002', 'P001', '2020-11-23 15:32:27', '1', '0', '0', 36.2, '口罩辨識截圖'),
('4794', 'D001', 'P003', '2020-11-23 15:32:48', '0', '1', '1', 36.8, '口罩辨識截圖'),
('4799', 'D006', 'P003', '2020-11-23 15:32:52', '1', '0', '0', 37.6, '口罩辨識截圖'),
('4817', 'D007', 'P005', '2020-11-23 15:33:12', '0', '0', '0', 36.8, '口罩辨識截圖'),
('4827', 'D001', 'P005', '2020-11-23 15:33:24', '0', '0', '1', 38.7, '口罩辨識截圖'),
('4828', 'D107', 'P003', '2020-11-23 15:33:24', '0', '1', '0', 36.7, '口罩辨識截圖'),
('4833', 'D108', 'P001', '2020-11-23 15:33:30', '1', '1', '0', 38.2, '口罩辨識截圖'),
('4860', 'D002', 'P005', '2020-11-23 15:33:55', '0', '1', '0', 37.8, '口罩辨識截圖'),
('4870', 'D005', 'P004', '2020-11-23 15:34:15', '0', '1', '0', 38.9, '口罩辨識截圖'),
('4884', 'D102', 'P003', '2020-11-23 15:34:27', '1', '0', '1', 39.4, '口罩辨識截圖'),
('4892', 'D107', 'P001', '2020-11-23 15:34:37', '1', '0', '1', 39.4, '口罩辨識截圖'),
('4894', 'D104', 'P005', '2020-11-23 15:34:38', '1', '0', '0', 38, '口罩辨識截圖'),
('4895', 'D006', 'P004', '2020-11-23 15:34:38', '1', '1', '1', 37.8, '口罩辨識截圖'),
('4917', 'D108', 'P001', '2020-11-23 15:35:06', '1', '0', '0', 39.8, '口罩辨識截圖'),
('4929', 'D008', 'P003', '2020-11-23 15:35:19', '0', '0', '0', 39.7, '口罩辨識截圖'),
('4936', 'D006', 'P001', '2020-11-23 15:35:25', '1', '1', '0', 35.7, '口罩辨識截圖'),
('4945', 'D101', 'P005', '2020-11-23 15:35:37', '0', '0', '0', 35.3, '口罩辨識截圖'),
('4963', 'D006', 'P004', '2020-11-23 15:35:58', '1', '0', '1', 38, '口罩辨識截圖'),
('4982', 'D107', 'P004', '2020-11-23 15:36:19', '1', '0', '1', 35, '口罩辨識截圖'),
('4999', 'D001', 'P001', '2020-11-23 15:36:39', '1', '0', '1', 38.9, '口罩辨識截圖'),
('5024', 'D001', 'P002', '2020-11-23 15:37:01', '0', '0', '1', 38.6, '口罩辨識截圖'),
('5031', 'D002', 'P002', '2020-11-23 15:37:11', '0', '1', '0', 36, '口罩辨識截圖'),
('5048', 'D002', 'P002', '2020-11-23 15:37:27', '0', '0', '0', 35, '口罩辨識截圖'),
('5066', 'D107', 'P003', '2020-11-23 15:37:50', '1', '0', '1', 37.8, '口罩辨識截圖'),
('5079', 'D102', 'P003', '2020-11-23 15:38:00', '0', '1', '1', 38.7, '口罩辨識截圖'),
('5094', 'D104', 'P002', '2020-11-23 15:38:19', '0', '1', '1', 35.7, '口罩辨識截圖'),
('5114', 'D007', 'P001', '2020-11-23 15:38:36', '1', '0', '1', 36.5, '口罩辨識截圖'),
('5130', 'D108', 'P002', '2020-11-23 15:38:55', '1', '0', '1', 37.3, '口罩辨識截圖'),
('5154', 'D102', 'P005', '2020-11-23 15:39:21', '1', '0', '0', 39.2, '口罩辨識截圖'),
('5179', 'D103', 'P005', '2020-11-23 15:39:48', '1', '1', '1', 39.2, '口罩辨識截圖'),
('5190', 'D001', 'P005', '2020-11-23 15:40:01', '1', '1', '0', 38.8, '口罩辨識截圖'),
('5206', 'D108', 'P001', '2020-11-23 15:40:14', '1', '1', '0', 36.9, '口罩辨識截圖'),
('5219', 'D106', 'P005', '2020-11-23 15:40:33', '0', '0', '0', 36.4, '口罩辨識截圖'),
('5245', 'D002', 'P002', '2020-11-23 15:40:59', '1', '1', '1', 38.2, '口罩辨識截圖'),
('5257', 'D001', 'P005', '2020-11-23 15:41:15', '1', '1', '1', 38.1, '口罩辨識截圖'),
('5264', 'D002', 'P005', '2020-11-23 15:41:26', '0', '1', '0', 39.9, '口罩辨識截圖'),
('5273', 'D107', 'P005', '2020-11-23 15:41:36', '1', '0', '0', 37.3, '口罩辨識截圖'),
('5280', 'D003', 'P002', '2020-11-23 15:41:41', '1', '1', '0', 39.4, '口罩辨識截圖'),
('5289', 'D103', 'P003', '2020-11-23 15:41:51', '0', '0', '1', 38.5, '口罩辨識截圖'),
('5311', 'D105', 'P001', '2020-11-23 15:42:19', '1', '1', '1', 35.3, '口罩辨識截圖'),
('5320', 'D105', 'P004', '2020-11-23 15:42:29', '0', '1', '1', 36.5, '口罩辨識截圖'),
('5337', 'D001', 'P002', '2020-11-23 15:42:40', '0', '1', '0', 36.3, '口罩辨識截圖'),
('5361', 'D101', 'P001', '2020-11-23 15:43:08', '0', '0', '0', 36.1, '口罩辨識截圖'),
('5364', 'D106', 'P001', '2020-11-23 15:43:10', '0', '0', '1', 38.1, '口罩辨識截圖'),
('5382', 'D101', 'P001', '2020-11-23 15:43:25', '0', '0', '0', 38.5, '口罩辨識截圖'),
('5393', 'D102', 'P003', '2020-11-23 15:43:42', '1', '0', '0', 38.9, '口罩辨識截圖'),
('5420', 'D101', 'P001', '2020-11-23 15:44:09', '0', '0', '0', 37.6, '口罩辨識截圖'),
('5438', 'D102', 'P002', '2020-11-23 15:44:30', '0', '1', '0', 39.8, '口罩辨識截圖'),
('5445', 'D107', 'P001', '2020-11-23 15:44:37', '0', '1', '1', 39.3, '口罩辨識截圖'),
('5447', 'D005', 'P002', '2020-11-23 15:44:41', '0', '0', '1', 38, '口罩辨識截圖'),
('5449', 'D006', 'P001', '2020-11-23 15:44:42', '0', '0', '0', 36.3, '口罩辨識截圖'),
('5464', 'D101', 'P002', '2020-11-23 15:44:55', '1', '0', '1', 39.1, '口罩辨識截圖'),
('5474', 'D102', 'P002', '2020-11-23 15:45:11', '1', '1', '0', 35.6, '口罩辨識截圖'),
('5503', 'D108', 'P002', '2020-11-23 15:45:34', '1', '0', '1', 36.1, '口罩辨識截圖'),
('5511', 'D103', 'P001', '2020-11-23 15:45:44', '1', '1', '1', 38.4, '口罩辨識截圖'),
('5537', 'D106', 'P004', '2020-11-23 15:46:12', '0', '0', '0', 39.3, '口罩辨識截圖'),
('5545', 'D104', 'P005', '2020-11-23 15:46:21', '1', '0', '1', 39.1, '口罩辨識截圖'),
('5566', 'D006', 'P004', '2020-11-23 15:46:41', '0', '0', '0', 37.9, '口罩辨識截圖'),
('5581', 'D003', 'P004', '2020-11-23 15:47:00', '0', '0', '0', 36.8, '口罩辨識截圖'),
('5591', 'D103', 'P002', '2020-11-23 15:47:09', '1', '1', '1', 36.1, '口罩辨識截圖'),
('5612', 'D006', 'P005', '2020-11-23 15:47:35', '1', '0', '1', 37.2, '口罩辨識截圖'),
('5625', 'D006', 'P005', '2020-11-23 15:47:50', '0', '1', '0', 36.2, '口罩辨識截圖'),
('5649', 'D104', 'P002', '2020-11-23 15:48:12', '1', '1', '0', 39.2, '口罩辨識截圖'),
('5660', 'D006', 'P001', '2020-11-23 15:48:27', '0', '0', '0', 38.6, '口罩辨識截圖'),
('5664', 'D002', 'P004', '2020-11-23 15:48:29', '0', '0', '1', 36.3, '口罩辨識截圖'),
('5683', 'D007', 'P002', '2020-11-23 15:48:46', '0', '0', '0', 35.7, '口罩辨識截圖'),
('5690', 'D106', 'P001', '2020-11-23 15:48:56', '1', '0', '1', 37.4, '口罩辨識截圖'),
('5702', 'D004', 'P003', '2020-11-23 15:49:06', '0', '0', '1', 38.7, '口罩辨識截圖'),
('5705', 'D003', 'P001', '2020-11-23 15:49:07', '1', '1', '1', 39.1, '口罩辨識截圖'),
('5725', 'D107', 'P003', '2020-11-23 15:49:30', '0', '0', '1', 35.3, '口罩辨識截圖'),
('5747', 'D103', 'P004', '2020-11-23 15:49:54', '1', '0', '1', 35.7, '口罩辨識截圖'),
('5759', 'D002', 'P001', '2020-11-23 15:50:11', '0', '1', '0', 36.9, '口罩辨識截圖'),
('5775', 'D002', 'P002', '2020-11-23 15:50:25', '0', '0', '1', 38.6, '口罩辨識截圖'),
('5786', 'D108', 'P001', '2020-11-23 15:50:37', '0', '1', '1', 37.3, '口罩辨識截圖'),
('5797', 'D001', 'P001', '2020-11-23 15:50:48', '0', '1', '0', 35.4, '口罩辨識截圖'),
('5819', 'D105', 'P001', '2020-11-23 15:51:10', '0', '0', '0', 37, '口罩辨識截圖'),
('5821', 'D003', 'P002', '2020-11-23 15:51:13', '1', '0', '1', 36.4, '口罩辨識截圖'),
('5830', 'D003', 'P004', '2020-11-23 15:51:29', '1', '1', '0', 35.9, '口罩辨識截圖'),
('5843', 'D002', 'P004', '2020-11-23 15:51:39', '1', '0', '0', 39, '口罩辨識截圖'),
('5863', 'D105', 'P005', '2020-11-23 15:52:04', '0', '0', '0', 35.4, '口罩辨識截圖'),
('5870', 'D008', 'P005', '2020-11-23 15:52:10', '0', '1', '0', 39.4, '口罩辨識截圖'),
('5881', 'D104', 'P005', '2020-11-23 15:52:25', '0', '0', '0', 35.4, '口罩辨識截圖'),
('5907', 'D101', 'P002', '2020-11-23 15:52:54', '1', '1', '1', 37.6, '口罩辨識截圖'),
('5936', 'D001', 'P005', '2020-11-23 15:53:23', '0', '1', '0', 36.1, '口罩辨識截圖'),
('5937', 'D106', 'P005', '2020-11-23 15:53:24', '1', '1', '0', 38.8, '口罩辨識截圖'),
('5954', 'D102', 'P003', '2020-11-23 15:53:44', '1', '0', '0', 39.5, '口罩辨識截圖'),
('5975', 'D101', 'P003', '2020-11-23 15:54:07', '0', '0', '1', 38.1, '口罩辨識截圖'),
('5998', 'D106', 'P002', '2020-11-23 15:54:31', '0', '1', '1', 40, '口罩辨識截圖'),
('5999', 'D003', 'P003', '2020-11-23 15:54:33', '0', '1', '0', 36.1, '口罩辨識截圖'),
('6004', 'D005', 'P002', '2020-11-23 15:54:41', '0', '1', '1', 39.7, '口罩辨識截圖'),
('6024', 'D107', 'P003', '2020-11-23 15:55:04', '0', '0', '1', 36.4, '口罩辨識截圖'),
('6035', 'D107', 'P002', '2020-11-23 15:55:13', '1', '0', '1', 38.5, '口罩辨識截圖'),
('6038', 'D107', 'P004', '2020-11-23 15:55:25', '0', '0', '0', 39, '口罩辨識截圖'),
('6055', 'D102', 'P004', '2020-11-23 15:55:42', '0', '0', '0', 38.1, '口罩辨識截圖'),
('6062', 'D006', 'P005', '2020-11-23 15:55:51', '1', '0', '0', 36.6, '口罩辨識截圖'),
('6074', 'D103', 'P003', '2020-11-23 15:56:05', '0', '0', '0', 39.4, '口罩辨識截圖'),
('6093', 'D106', 'P001', '2020-11-23 15:56:29', '1', '0', '0', 36.7, '口罩辨識截圖'),
('6103', 'D101', 'P005', '2020-11-23 15:56:41', '0', '1', '0', 35.8, '口罩辨識截圖'),
('6104', 'D106', 'P001', '2020-11-23 15:56:41', '1', '1', '1', 38.7, '口罩辨識截圖'),
('6123', 'D006', 'P002', '2020-11-23 15:57:03', '0', '1', '1', 37.7, '口罩辨識截圖'),
('6131', 'D104', 'P001', '2020-11-23 15:57:09', '1', '1', '0', 39.8, '口罩辨識截圖'),
('6144', 'D002', 'P002', '2020-11-23 15:57:24', '0', '0', '0', 36.6, '口罩辨識截圖'),
('6168', 'D103', 'P005', '2020-11-23 15:57:50', '0', '1', '0', 35.9, '口罩辨識截圖'),
('6190', 'D106', 'P002', '2020-11-23 15:58:15', '0', '0', '1', 39.2, '口罩辨識截圖'),
('6207', 'D004', 'P001', '2020-11-23 15:58:37', '1', '0', '1', 37.5, '口罩辨識截圖'),
('6241', 'D104', 'P005', '2020-11-23 15:59:05', '1', '1', '0', 37.2, '口罩辨識截圖'),
('6244', 'D107', 'P003', '2020-11-23 15:59:08', '0', '1', '1', 38.7, '口罩辨識截圖'),
('6262', 'D003', 'P005', '2020-11-23 15:59:24', '1', '1', '1', 39.9, '口罩辨識截圖'),
('6269', 'D006', 'P002', '2020-11-23 15:59:30', '0', '0', '1', 37.8, '口罩辨識截圖'),
('6275', 'D007', 'P002', '2020-11-23 15:59:38', '0', '1', '0', 36.4, '口罩辨識截圖'),
('6287', 'D007', 'P003', '2020-11-23 15:59:51', '0', '0', '0', 35.4, '口罩辨識截圖'),
('6296', 'D006', 'P003', '2020-11-23 15:59:59', '1', '1', '1', 38.8, '口罩辨識截圖'),
('6317', 'D008', 'P004', '2020-11-23 16:00:24', '1', '0', '1', 37.6, '口罩辨識截圖'),
('6318', 'D101', 'P004', '2020-11-23 16:00:24', '0', '0', '0', 35.8, '口罩辨識截圖'),
('6335', 'D004', 'P003', '2020-11-23 16:00:46', '1', '1', '1', 38.8, '口罩辨識截圖'),
('6341', 'D108', 'P002', '2020-11-23 16:00:49', '1', '0', '1', 36, '口罩辨識截圖'),
('6364', 'D008', 'P001', '2020-11-23 16:01:17', '0', '1', '1', 38.9, '口罩辨識截圖'),
('6383', 'D007', 'P001', '2020-11-23 16:01:40', '0', '0', '1', 36.8, '口罩辨識截圖'),
('6393', 'D107', 'P005', '2020-11-23 16:01:55', '1', '0', '1', 36.9, '口罩辨識截圖'),
('6402', 'D002', 'P005', '2020-11-23 16:02:05', '0', '1', '0', 39.2, '口罩辨識截圖'),
('6412', 'D006', 'P001', '2020-11-23 16:02:17', '0', '1', '1', 38.2, '口罩辨識截圖'),
('6415', 'D106', 'P004', '2020-11-23 16:02:21', '0', '0', '0', 38.1, '口罩辨識截圖'),
('6437', 'D106', 'P005', '2020-11-23 16:02:47', '1', '0', '0', 36.1, '口罩辨識截圖'),
('6450', 'D005', 'P002', '2020-11-23 16:03:02', '0', '0', '0', 36.5, '口罩辨識截圖'),
('6461', 'D001', 'P005', '2020-11-23 16:03:13', '1', '1', '0', 39.2, '口罩辨識截圖'),
('6470', 'D002', 'P004', '2020-11-23 16:03:27', '0', '0', '0', 38.1, '口罩辨識截圖'),
('6483', 'D003', 'P004', '2020-11-23 16:03:39', '1', '0', '1', 35.7, '口罩辨識截圖'),
('6488', 'D108', 'P001', '2020-11-23 16:03:42', '1', '1', '0', 35.2, '口罩辨識截圖'),
('6514', 'D108', 'P002', '2020-11-23 16:04:06', '1', '0', '1', 36.3, '口罩辨識截圖'),
('6522', 'D007', 'P004', '2020-11-23 16:04:17', '0', '0', '0', 38.2, '口罩辨識截圖'),
('6545', 'D107', 'P001', '2020-11-23 16:04:45', '0', '0', '1', 39.5, '口罩辨識截圖'),
('6547', 'D005', 'P001', '2020-11-23 16:04:47', '0', '1', '0', 38.7, '口罩辨識截圖'),
('6557', 'D101', 'P004', '2020-11-23 16:04:58', '1', '1', '1', 39.6, '口罩辨識截圖'),
('6579', 'D002', 'P004', '2020-11-23 16:05:20', '1', '1', '1', 39, '口罩辨識截圖'),
('6589', 'D103', 'P004', '2020-11-23 16:05:28', '1', '1', '0', 37.1, '口罩辨識截圖'),
('6616', 'D006', 'P005', '2020-11-23 16:05:57', '1', '0', '1', 39.1, '口罩辨識截圖'),
('6621', 'D007', 'P002', '2020-11-23 16:06:02', '1', '0', '0', 35.4, '口罩辨識截圖'),
('6649', 'D103', 'P001', '2020-11-23 16:06:29', '0', '1', '0', 37.4, '口罩辨識截圖'),
('6662', 'D008', 'P003', '2020-11-23 16:06:45', '0', '0', '0', 36.7, '口罩辨識截圖'),
('6666', 'D107', 'P004', '2020-11-23 16:06:47', '1', '1', '1', 35.9, '口罩辨識截圖'),
('6677', 'D004', 'P002', '2020-11-23 16:07:00', '1', '1', '0', 36.2, '口罩辨識截圖'),
('6680', 'D103', 'P005', '2020-11-23 16:07:03', '1', '0', '0', 40, '口罩辨識截圖'),
('6689', 'D108', 'P005', '2020-11-23 16:07:11', '1', '1', '1', 38.6, '口罩辨識截圖'),
('6701', 'D107', 'P002', '2020-11-23 16:07:16', '1', '1', '0', 39.2, '口罩辨識截圖'),
('6716', 'D005', 'P005', '2020-11-23 16:07:34', '0', '1', '0', 39.7, '口罩辨識截圖'),
('6726', 'D007', 'P004', '2020-11-23 16:07:48', '1', '1', '1', 36.4, '口罩辨識截圖'),
('6747', 'D101', 'P003', '2020-11-23 16:08:08', '0', '1', '0', 38.7, '口罩辨識截圖'),
('6755', 'D007', 'P003', '2020-11-23 16:08:16', '0', '0', '1', 38.7, '口罩辨識截圖'),
('6771', 'D104', 'P001', '2020-11-23 16:08:34', '0', '0', '0', 35.6, '口罩辨識截圖'),
('6777', 'D004', 'P004', '2020-11-23 16:08:42', '1', '0', '0', 38.3, '口罩辨識截圖'),
('6799', 'D101', 'P001', '2020-11-23 16:09:05', '0', '1', '1', 38.2, '口罩辨識截圖'),
('6820', 'D102', 'P001', '2020-11-23 16:09:21', '0', '0', '0', 38.2, '口罩辨識截圖'),
('6827', 'D001', 'P002', '2020-11-23 16:09:27', '1', '0', '0', 39.3, '口罩辨識截圖'),
('6853', 'D105', 'P005', '2020-11-23 16:09:55', '1', '1', '1', 36.3, '口罩辨識截圖'),
('6857', 'D005', 'P003', '2020-11-23 16:10:01', '0', '0', '0', 37.7, '口罩辨識截圖'),
('6881', 'D101', 'P005', '2020-11-23 16:10:30', '1', '1', '0', 36.4, '口罩辨識截圖'),
('6893', 'D105', 'P002', '2020-11-23 16:10:46', '1', '1', '0', 36.2, '口罩辨識截圖'),
('6915', 'D001', 'P005', '2020-11-23 16:11:04', '1', '0', '0', 36, '口罩辨識截圖'),
('6923', 'D102', 'P004', '2020-11-23 16:11:13', '0', '1', '0', 38.2, '口罩辨識截圖'),
('6951', 'D002', 'P003', '2020-11-23 16:11:43', '1', '1', '0', 36, '口罩辨識截圖'),
('6966', 'D003', 'P005', '2020-11-23 16:11:55', '1', '1', '1', 39.7, '口罩辨識截圖'),
('6973', 'D106', 'P001', '2020-11-23 16:12:06', '0', '0', '0', 35.3, '口罩辨識截圖'),
('7000', 'D102', 'P005', '2020-11-23 16:12:30', '1', '0', '0', 37.2, '口罩辨識截圖'),
('7003', 'D008', 'P003', '2020-11-23 16:12:36', '1', '0', '1', 38.7, '口罩辨識截圖'),
('7009', 'D106', 'P005', '2020-11-23 16:12:38', '1', '0', '1', 37.5, '口罩辨識截圖'),
('7019', 'D008', 'P004', '2020-11-23 16:12:44', '1', '0', '0', 36.2, '口罩辨識截圖'),
('7027', 'D103', 'P001', '2020-11-23 16:12:51', '1', '1', '1', 35.7, '口罩辨識截圖'),
('7047', 'D004', 'P003', '2020-11-23 16:13:16', '1', '0', '0', 37.3, '口罩辨識截圖'),
('7065', 'D102', 'P004', '2020-11-23 16:13:35', '1', '0', '1', 39.2, '口罩辨識截圖'),
('7070', 'D007', 'P002', '2020-11-23 16:13:39', '1', '0', '0', 39.7, '口罩辨識截圖');
INSERT INTO `person_attendance_record` (`uuid`, `deviceID`, `personID`, `triggerTime`, `respirator`, `hardHat`, `vest`, `temperature`, `triggerImgURL`) VALUES
('7080', 'D002', 'P001', '2020-11-23 16:13:51', '1', '1', '0', 38.9, '口罩辨識截圖'),
('7103', 'D006', 'P003', '2020-11-23 16:14:12', '1', '0', '0', 37.9, '口罩辨識截圖'),
('7107', 'D007', 'P001', '2020-11-23 16:14:15', '0', '1', '0', 35.6, '口罩辨識截圖'),
('7130', 'D003', 'P001', '2020-11-23 16:14:38', '1', '1', '0', 35.4, '口罩辨識截圖'),
('7147', 'D002', 'P004', '2020-11-23 16:14:58', '0', '0', '0', 35.5, '口罩辨識截圖'),
('7158', 'D005', 'P002', '2020-11-23 16:15:04', '1', '0', '1', 37.5, '口罩辨識截圖'),
('7159', 'D105', 'P005', '2020-11-23 16:15:07', '1', '1', '1', 38.2, '口罩辨識截圖'),
('7178', 'D103', 'P003', '2020-11-23 16:15:20', '1', '1', '0', 38.7, '口罩辨識截圖'),
('7194', 'D103', 'P005', '2020-11-23 16:15:41', '1', '0', '0', 36.3, '口罩辨識截圖'),
('7205', 'D101', 'P004', '2020-11-23 16:15:54', '1', '1', '0', 37.4, '口罩辨識截圖'),
('7217', 'D001', 'P002', '2020-11-23 16:16:05', '0', '1', '0', 37.4, '口罩辨識截圖'),
('7230', 'D107', 'P002', '2020-11-23 16:16:17', '0', '0', '1', 39.6, '口罩辨識截圖'),
('7236', 'D107', 'P001', '2020-11-23 16:16:26', '1', '0', '0', 39.3, '口罩辨識截圖'),
('7258', 'D107', 'P001', '2020-11-23 16:16:51', '1', '1', '0', 37.8, '口罩辨識截圖'),
('7260', 'D106', 'P004', '2020-11-23 16:16:52', '0', '0', '0', 35.8, '口罩辨識截圖'),
('7277', 'D106', 'P005', '2020-11-23 16:17:09', '0', '0', '0', 35.3, '口罩辨識截圖'),
('7293', 'D102', 'P003', '2020-11-23 16:17:33', '1', '1', '1', 39, '口罩辨識截圖'),
('7297', 'D102', 'P003', '2020-11-23 16:17:37', '1', '0', '0', 37.2, '口罩辨識截圖'),
('7306', 'D001', 'P002', '2020-11-23 16:17:45', '0', '0', '0', 35.2, '口罩辨識截圖'),
('7328', 'D004', 'P004', '2020-11-23 16:18:07', '1', '1', '1', 35.9, '口罩辨識截圖'),
('7339', 'D105', 'P003', '2020-11-23 16:18:17', '0', '1', '1', 36.1, '口罩辨識截圖'),
('7352', 'D104', 'P001', '2020-11-23 16:18:30', '1', '0', '1', 37.6, '口罩辨識截圖'),
('7376', 'D005', 'P005', '2020-11-23 16:18:59', '0', '0', '1', 35.9, '口罩辨識截圖'),
('7405', 'D004', 'P002', '2020-11-23 16:19:29', '1', '1', '1', 36.5, '口罩辨識截圖'),
('7420', 'D005', 'P001', '2020-11-23 16:19:47', '0', '1', '1', 37.1, '口罩辨識截圖'),
('7432', 'D001', 'P002', '2020-11-23 16:20:02', '0', '0', '1', 38.8, '口罩辨識截圖'),
('7444', 'D101', 'P005', '2020-11-23 16:20:15', '1', '0', '1', 35.2, '口罩辨識截圖'),
('7466', 'D007', 'P003', '2020-11-23 16:20:38', '1', '0', '0', 38.5, '口罩辨識截圖'),
('7494', 'D004', 'P003', '2020-11-23 16:21:05', '1', '0', '1', 38.8, '口罩辨識截圖'),
('7502', 'D106', 'P002', '2020-11-23 16:21:16', '0', '0', '1', 38.4, '口罩辨識截圖'),
('7527', 'D104', 'P001', '2020-11-23 16:21:40', '1', '1', '1', 36.7, '口罩辨識截圖'),
('7531', 'D007', 'P005', '2020-11-23 16:21:45', '1', '1', '0', 39.9, '口罩辨識截圖'),
('7537', 'D001', 'P005', '2020-11-23 16:21:50', '0', '1', '0', 36.8, '口罩辨識截圖'),
('7543', 'D106', 'P001', '2020-11-23 16:21:55', '1', '1', '0', 38, '口罩辨識截圖'),
('7566', 'D008', 'P003', '2020-11-23 16:22:24', '1', '1', '1', 36.1, '口罩辨識截圖'),
('7575', 'D107', 'P003', '2020-11-23 16:22:31', '0', '0', '1', 39.9, '口罩辨識截圖'),
('7593', 'D005', 'P005', '2020-11-23 16:22:49', '0', '1', '0', 39.6, '口罩辨識截圖'),
('7611', 'D105', 'P004', '2020-11-23 16:23:13', '1', '1', '1', 38.7, '口罩辨識截圖'),
('7625', 'D101', 'P002', '2020-11-23 16:23:25', '1', '0', '1', 37.1, '口罩辨識截圖'),
('7648', 'D005', 'P001', '2020-11-23 16:23:50', '1', '0', '0', 36.9, '口罩辨識截圖'),
('7658', 'D001', 'P003', '2020-11-23 16:24:02', '0', '1', '1', 39.6, '口罩辨識截圖'),
('7680', 'D104', 'P003', '2020-11-23 16:24:26', '1', '1', '1', 35.8, '口罩辨識截圖'),
('7683', 'D108', 'P001', '2020-11-23 16:24:32', '0', '1', '0', 38.8, '口罩辨識截圖'),
('7686', 'D101', 'P001', '2020-11-23 16:24:37', '0', '1', '0', 36, '口罩辨識截圖'),
('7700', 'D001', 'P005', '2020-11-23 16:24:53', '0', '0', '1', 39.3, '口罩辨識截圖'),
('7707', 'D108', 'P005', '2020-11-23 16:25:01', '0', '0', '0', 35.8, '口罩辨識截圖'),
('7729', 'D004', 'P005', '2020-11-23 16:25:21', '0', '1', '0', 36.5, '口罩辨識截圖'),
('7748', 'D005', 'P001', '2020-11-23 16:25:39', '0', '0', '1', 36.4, '口罩辨識截圖'),
('7765', 'D105', 'P001', '2020-11-23 16:25:57', '1', '1', '0', 35.5, '口罩辨識截圖'),
('7779', 'D002', 'P001', '2020-11-23 16:26:14', '0', '0', '0', 35.4, '口罩辨識截圖'),
('7782', 'D008', 'P004', '2020-11-23 16:26:14', '0', '0', '1', 37.7, '口罩辨識截圖'),
('7786', 'D101', 'P001', '2020-11-23 16:26:16', '0', '1', '1', 38.7, '口罩辨識截圖'),
('7801', 'D002', 'P005', '2020-11-23 16:26:36', '0', '0', '0', 36.4, '口罩辨識截圖'),
('7803', 'D106', 'P003', '2020-11-23 16:26:37', '0', '0', '0', 36.8, '口罩辨識截圖'),
('7823', 'D006', 'P004', '2020-11-23 16:26:56', '0', '1', '1', 36.3, '口罩辨識截圖'),
('7844', 'D001', 'P003', '2020-11-23 16:27:21', '0', '1', '0', 35.7, '口罩辨識截圖'),
('7859', 'D103', 'P005', '2020-11-23 16:27:41', '1', '1', '1', 36.5, '口罩辨識截圖'),
('7878', 'D007', 'P001', '2020-11-23 16:28:06', '0', '0', '1', 36.6, '口罩辨識截圖'),
('7890', 'D105', 'P005', '2020-11-23 16:28:18', '0', '1', '0', 36.7, '口罩辨識截圖'),
('7916', 'D004', 'P003', '2020-11-23 16:28:48', '0', '0', '0', 38.9, '口罩辨識截圖'),
('7940', 'D102', 'P002', '2020-11-23 16:29:10', '1', '0', '1', 38.1, '口罩辨識截圖'),
('7955', 'D001', 'P003', '2020-11-23 16:29:30', '1', '1', '1', 37.4, '口罩辨識截圖'),
('7980', 'D008', 'P002', '2020-11-23 16:29:57', '0', '1', '0', 39.6, '口罩辨識截圖'),
('7994', 'D003', 'P001', '2020-11-23 16:30:20', '1', '1', '0', 37.3, '口罩辨識截圖'),
('8009', 'D005', 'P003', '2020-11-23 16:30:33', '0', '0', '1', 39.4, '口罩辨識截圖'),
('8017', 'D108', 'P003', '2020-11-23 16:30:40', '0', '1', '0', 39, '口罩辨識截圖'),
('8029', 'D107', 'P003', '2020-11-23 16:30:53', '0', '1', '0', 38.2, '口罩辨識截圖'),
('8052', 'D004', 'P002', '2020-11-23 16:31:13', '1', '1', '1', 36.1, '口罩辨識截圖'),
('8061', 'D103', 'P004', '2020-11-23 16:31:19', '0', '1', '1', 36, '口罩辨識截圖'),
('8064', 'D103', 'P001', '2020-11-23 16:31:21', '1', '1', '1', 39.7, '口罩辨識截圖'),
('8082', 'D103', 'P003', '2020-11-23 16:31:44', '0', '1', '0', 36.9, '口罩辨識截圖'),
('8089', 'D002', 'P004', '2020-11-23 16:31:53', '0', '1', '0', 37.6, '口罩辨識截圖'),
('8110', 'D002', 'P003', '2020-11-23 16:32:11', '0', '0', '0', 35, '口罩辨識截圖'),
('8135', 'D002', 'P003', '2020-11-23 16:32:39', '1', '0', '0', 38.5, '口罩辨識截圖'),
('8151', 'D108', 'P002', '2020-11-23 16:32:54', '0', '0', '0', 35.1, '口罩辨識截圖'),
('8168', 'D001', 'P005', '2020-11-23 16:33:12', '0', '1', '1', 36.9, '口罩辨識截圖'),
('8182', 'D001', 'P001', '2020-11-23 16:33:27', '1', '1', '0', 39.8, '口罩辨識截圖'),
('8203', 'D106', 'P003', '2020-11-23 16:33:57', '0', '0', '0', 39.5, '口罩辨識截圖'),
('8207', 'D105', 'P001', '2020-11-23 16:34:01', '1', '1', '1', 37.2, '口罩辨識截圖'),
('8226', 'D103', 'P004', '2020-11-23 16:34:19', '0', '1', '1', 39.9, '口罩辨識截圖'),
('8254', 'D005', 'P004', '2020-11-23 16:34:43', '1', '0', '1', 35.1, '口罩辨識截圖'),
('8275', 'D107', 'P002', '2020-11-23 16:35:05', '1', '1', '0', 39.6, '口罩辨識截圖'),
('8289', 'D005', 'P001', '2020-11-23 16:35:24', '1', '1', '1', 39.9, '口罩辨識截圖'),
('8297', 'D102', 'P005', '2020-11-23 16:35:32', '0', '1', '0', 38, '口罩辨識截圖'),
('8312', 'D106', 'P001', '2020-11-23 16:35:52', '0', '1', '1', 38.8, '口罩辨識截圖'),
('8330', 'D103', 'P003', '2020-11-23 16:36:11', '0', '0', '1', 35.8, '口罩辨識截圖'),
('8337', 'D108', 'P005', '2020-11-23 16:36:17', '0', '1', '0', 39.9, '口罩辨識截圖'),
('8344', 'D108', 'P003', '2020-11-23 16:36:22', '1', '0', '0', 39.7, '口罩辨識截圖'),
('8355', 'D107', 'P003', '2020-11-23 16:36:31', '1', '1', '0', 35.4, '口罩辨識截圖'),
('8361', 'D101', 'P002', '2020-11-23 16:36:37', '1', '1', '0', 35.2, '口罩辨識截圖'),
('8366', 'D107', 'P001', '2020-11-23 16:36:44', '1', '0', '0', 38.3, '口罩辨識截圖'),
('8388', 'D006', 'P005', '2020-11-23 16:37:00', '0', '0', '0', 35.1, '口罩辨識截圖'),
('8410', 'D103', 'P001', '2020-11-23 16:37:20', '1', '1', '0', 38.8, '口罩辨識截圖'),
('8422', 'D107', 'P002', '2020-11-23 16:37:31', '0', '1', '0', 36.6, '口罩辨識截圖'),
('8434', 'D008', 'P003', '2020-11-23 16:37:42', '0', '1', '0', 36.4, '口罩辨識截圖'),
('8448', 'D107', 'P005', '2020-11-23 16:37:58', '0', '1', '1', 37.2, '口罩辨識截圖'),
('8453', 'D103', 'P004', '2020-11-23 16:38:02', '1', '0', '0', 38.8, '口罩辨識截圖'),
('8467', 'D105', 'P002', '2020-11-23 16:38:21', '1', '0', '0', 38.1, '口罩辨識截圖'),
('8481', 'D104', 'P004', '2020-11-23 16:38:36', '1', '1', '0', 36, '口罩辨識截圖'),
('8505', 'D002', 'P005', '2020-11-23 16:39:05', '1', '1', '1', 38.9, '口罩辨識截圖'),
('8524', 'D106', 'P001', '2020-11-23 16:39:19', '0', '1', '1', 38.7, '口罩辨識截圖'),
('8525', 'D001', 'P002', '2020-11-23 16:39:24', '1', '0', '0', 36.2, '口罩辨識截圖'),
('8529', 'D104', 'P004', '2020-11-23 16:39:30', '1', '0', '0', 35.7, '口罩辨識截圖'),
('8548', 'D104', 'P002', '2020-11-23 16:39:52', '0', '1', '1', 39, '口罩辨識截圖'),
('8573', 'D007', 'P003', '2020-11-23 16:40:18', '0', '0', '0', 35.5, '口罩辨識截圖'),
('8592', 'D104', 'P001', '2020-11-23 16:40:40', '0', '0', '1', 36, '口罩辨識截圖'),
('8609', 'D103', 'P004', '2020-11-23 16:41:04', '1', '0', '1', 36.2, '口罩辨識截圖'),
('8626', 'D108', 'P005', '2020-11-23 16:41:24', '0', '1', '1', 35.8, '口罩辨識截圖'),
('8636', 'D106', 'P005', '2020-11-23 16:41:38', '1', '0', '0', 38.6, '口罩辨識截圖'),
('8649', 'D101', 'P003', '2020-11-23 16:41:52', '1', '0', '0', 36.4, '口罩辨識截圖'),
('8657', 'D003', 'P002', '2020-11-23 16:42:00', '1', '1', '0', 36.3, '口罩辨識截圖'),
('8668', 'D002', 'P005', '2020-11-23 16:42:09', '0', '1', '1', 36.7, '口罩辨識截圖'),
('8677', 'D002', 'P001', '2020-11-23 16:42:18', '0', '0', '0', 35.5, '口罩辨識截圖'),
('8689', 'D106', 'P005', '2020-11-23 16:42:31', '1', '1', '1', 39.6, '口罩辨識截圖'),
('8690', 'D103', 'P005', '2020-11-23 16:42:32', '0', '1', '0', 39.6, '口罩辨識截圖'),
('8713', 'D001', 'P005', '2020-11-23 16:42:57', '1', '1', '1', 39.5, '口罩辨識截圖'),
('8727', 'D004', 'P003', '2020-11-23 16:43:18', '0', '0', '1', 38, '口罩辨識截圖'),
('8729', 'D105', 'P005', '2020-11-23 16:43:19', '0', '0', '0', 39.7, '口罩辨識截圖'),
('8753', 'D105', 'P004', '2020-11-23 16:43:46', '1', '0', '0', 39.2, '口罩辨識截圖'),
('8757', 'D106', 'P002', '2020-11-23 16:43:51', '1', '1', '0', 37.4, '口罩辨識截圖'),
('8771', 'D004', 'P002', '2020-11-23 16:44:09', '0', '0', '0', 36, '口罩辨識截圖'),
('8786', 'D008', 'P001', '2020-11-23 16:44:27', '1', '1', '1', 38.7, '口罩辨識截圖'),
('8797', 'D104', 'P002', '2020-11-23 16:44:40', '1', '0', '0', 36.3, '口罩辨識截圖'),
('8816', 'D106', 'P001', '2020-11-23 16:45:01', '0', '1', '0', 39.1, '口罩辨識截圖'),
('8821', 'D107', 'P005', '2020-11-23 16:45:05', '1', '1', '0', 38.8, '口罩辨識截圖'),
('8825', 'D106', 'P005', '2020-11-23 16:45:08', '0', '1', '1', 36.1, '口罩辨識截圖'),
('8848', 'D106', 'P004', '2020-11-23 16:45:33', '0', '0', '0', 35.6, '口罩辨識截圖'),
('8852', 'D004', 'P001', '2020-11-23 16:45:41', '1', '1', '0', 36.9, '口罩辨識截圖'),
('8871', 'D007', 'P003', '2020-11-23 16:46:00', '1', '1', '1', 35.6, '口罩辨識截圖'),
('8880', 'D104', 'P002', '2020-11-23 16:46:08', '0', '1', '1', 37.8, '口罩辨識截圖'),
('8892', 'D007', 'P001', '2020-11-23 16:46:22', '0', '1', '0', 37.1, '口罩辨識截圖'),
('8903', 'D101', 'P002', '2020-11-23 16:46:34', '1', '1', '1', 39.5, '口罩辨識截圖'),
('8905', 'D003', 'P004', '2020-11-23 16:46:35', '1', '0', '1', 36.9, '口罩辨識截圖'),
('8916', 'D104', 'P001', '2020-11-23 16:46:49', '0', '0', '1', 35.7, '口罩辨識截圖'),
('8922', 'D004', 'P002', '2020-11-23 16:46:56', '0', '0', '0', 39.8, '口罩辨識截圖'),
('8945', 'D007', 'P002', '2020-11-23 16:47:20', '1', '1', '1', 39.6, '口罩辨識截圖'),
('8970', 'D104', 'P003', '2020-11-23 16:47:44', '0', '1', '1', 36.7, '口罩辨識截圖'),
('8978', 'D007', 'P003', '2020-11-23 16:47:53', '1', '0', '1', 38.8, '口罩辨識截圖'),
('8985', 'D102', 'P003', '2020-11-23 16:48:02', '1', '0', '1', 39.9, '口罩辨識截圖'),
('9016', 'D002', 'P003', '2020-11-23 16:48:29', '0', '0', '0', 37.5, '口罩辨識截圖'),
('9041', 'D103', 'P005', '2020-11-23 16:48:54', '0', '1', '0', 35.4, '口罩辨識截圖'),
('9065', 'D103', 'P004', '2020-11-23 16:49:17', '0', '0', '0', 35.7, '口罩辨識截圖'),
('9066', 'D003', 'P005', '2020-11-23 16:49:18', '0', '0', '1', 36, '口罩辨識截圖'),
('9095', 'D103', 'P005', '2020-11-23 16:49:46', '1', '1', '1', 38.2, '口罩辨識截圖'),
('9105', 'D106', 'P004', '2020-11-23 16:49:58', '1', '0', '1', 35.5, '口罩辨識截圖'),
('9125', 'D103', 'P002', '2020-11-23 16:50:20', '0', '0', '0', 38.3, '口罩辨識截圖'),
('9147', 'D106', 'P003', '2020-11-23 16:50:45', '0', '1', '1', 37.4, '口罩辨識截圖'),
('9154', 'D003', 'P002', '2020-11-23 16:50:53', '0', '1', '1', 39.1, '口罩辨識截圖'),
('9164', 'D102', 'P002', '2020-11-23 16:51:04', '0', '1', '1', 37.7, '口罩辨識截圖'),
('9171', 'D104', 'P003', '2020-11-23 16:51:09', '0', '0', '0', 36.4, '口罩辨識截圖'),
('9195', 'D006', 'P005', '2020-11-23 16:51:35', '0', '0', '0', 39.5, '口罩辨識截圖'),
('9201', 'D005', 'P005', '2020-11-23 16:51:41', '1', '1', '1', 36, '口罩辨識截圖'),
('9210', 'D103', 'P004', '2020-11-23 16:51:51', '1', '0', '1', 38.9, '口罩辨識截圖'),
('9215', 'D005', 'P002', '2020-11-23 16:51:56', '1', '0', '0', 35.6, '口罩辨識截圖'),
('9236', 'D005', 'P001', '2020-11-23 16:52:19', '1', '1', '1', 35.6, '口罩辨識截圖'),
('9239', 'D105', 'P003', '2020-11-23 16:52:22', '0', '0', '0', 35.9, '口罩辨識截圖'),
('9262', 'D007', 'P005', '2020-11-23 16:52:41', '1', '1', '1', 39.5, '口罩辨識截圖'),
('9266', 'D002', 'P001', '2020-11-23 16:52:47', '0', '0', '1', 37.5, '口罩辨識截圖'),
('9268', 'D003', 'P005', '2020-11-23 16:52:48', '0', '0', '0', 36.7, '口罩辨識截圖'),
('9290', 'D107', 'P003', '2020-11-23 16:53:10', '1', '0', '1', 38.8, '口罩辨識截圖'),
('9320', 'D104', 'P004', '2020-11-23 16:53:39', '0', '1', '1', 39.5, '口罩辨識截圖'),
('9337', 'D003', 'P003', '2020-11-23 16:53:58', '0', '1', '1', 39.7, '口罩辨識截圖'),
('9346', 'D005', 'P002', '2020-11-23 16:54:07', '1', '0', '1', 38.1, '口罩辨識截圖'),
('9356', 'D104', 'P002', '2020-11-23 16:54:22', '0', '0', '1', 37.5, '口罩辨識截圖'),
('9380', 'D002', 'P001', '2020-11-23 16:54:45', '1', '0', '1', 39.2, '口罩辨識截圖'),
('9382', 'D103', 'P002', '2020-11-23 16:54:46', '1', '1', '1', 38.9, '口罩辨識截圖'),
('9383', 'D007', 'P003', '2020-11-23 16:54:46', '0', '0', '1', 39.3, '口罩辨識截圖'),
('9397', 'D108', 'P003', '2020-11-23 16:55:00', '0', '1', '0', 36.7, '口罩辨識截圖'),
('9400', 'D105', 'P002', '2020-11-23 16:55:01', '0', '1', '1', 35.2, '口罩辨識截圖'),
('9419', 'D005', 'P004', '2020-11-23 16:55:16', '0', '0', '0', 37.6, '口罩辨識截圖'),
('9431', 'D005', 'P003', '2020-11-23 16:55:32', '0', '0', '0', 39.2, '口罩辨識截圖'),
('9432', 'D106', 'P003', '2020-11-23 16:55:33', '0', '0', '0', 38.8, '口罩辨識截圖'),
('9433', 'D008', 'P004', '2020-11-23 16:55:33', '1', '0', '1', 39.5, '口罩辨識截圖'),
('9436', 'D003', 'P005', '2020-11-23 16:55:34', '1', '1', '1', 38.7, '口罩辨識截圖'),
('9450', 'D102', 'P002', '2020-11-23 16:55:52', '1', '0', '1', 39.2, '口罩辨識截圖'),
('9474', 'D105', 'P004', '2020-11-23 16:56:14', '1', '0', '1', 37.7, '口罩辨識截圖'),
('9489', 'D106', 'P004', '2020-11-23 16:56:37', '0', '1', '1', 36.2, '口罩辨識截圖'),
('9506', 'D001', 'P002', '2020-11-23 16:56:54', '1', '0', '1', 35.6, '口罩辨識截圖'),
('9528', 'D108', 'P002', '2020-11-23 16:57:20', '0', '1', '0', 35.1, '口罩辨識截圖'),
('9554', 'D103', 'P002', '2020-11-23 16:57:46', '0', '0', '1', 38.1, '口罩辨識截圖'),
('9571', 'D005', 'P001', '2020-11-23 16:58:05', '1', '0', '0', 36, '口罩辨識截圖'),
('9596', 'D106', 'P005', '2020-11-23 16:58:32', '0', '1', '1', 35.6, '口罩辨識截圖'),
('9615', 'D002', 'P003', '2020-11-23 16:58:55', '1', '1', '1', 35.1, '口罩辨識截圖'),
('9639', 'D005', 'P001', '2020-11-23 16:59:23', '0', '0', '1', 35.1, '口罩辨識截圖'),
('9654', 'D108', 'P003', '2020-11-23 16:59:37', '1', '1', '1', 39.5, '口罩辨識截圖'),
('9675', 'D008', 'P002', '2020-11-23 16:59:56', '1', '0', '0', 37.8, '口罩辨識截圖'),
('9683', 'D007', 'P001', '2020-11-23 17:00:06', '1', '1', '1', 39.7, '口罩辨識截圖'),
('9706', 'D101', 'P003', '2020-11-23 17:00:35', '1', '0', '0', 37.8, '口罩辨識截圖'),
('9717', 'D006', 'P005', '2020-11-23 17:00:42', '1', '0', '0', 35.6, '口罩辨識截圖'),
('9735', 'D002', 'P002', '2020-11-23 17:01:01', '1', '1', '0', 35.6, '口罩辨識截圖'),
('9742', 'D108', 'P001', '2020-11-23 17:01:06', '0', '1', '1', 37, '口罩辨識截圖'),
('9750', 'D008', 'P003', '2020-11-23 17:01:14', '1', '1', '0', 38.6, '口罩辨識截圖'),
('9767', 'D008', 'P003', '2020-11-23 17:01:33', '1', '0', '0', 35.9, '口罩辨識截圖'),
('9770', 'D007', 'P005', '2020-11-23 17:01:39', '1', '0', '1', 35.3, '口罩辨識截圖'),
('9773', 'D008', 'P003', '2020-11-23 17:01:43', '0', '0', '0', 35.2, '口罩辨識截圖'),
('9782', 'D102', 'P004', '2020-11-23 17:01:49', '0', '1', '0', 36.6, '口罩辨識截圖'),
('9786', 'D102', 'P004', '2020-11-23 17:01:53', '1', '1', '1', 37.1, '口罩辨識截圖'),
('9788', 'D003', 'P003', '2020-11-23 17:01:55', '0', '1', '0', 38.7, '口罩辨識截圖'),
('9806', 'D106', 'P001', '2020-11-23 17:02:20', '0', '0', '1', 36.1, '口罩辨識截圖'),
('9823', 'D102', 'P005', '2020-11-23 17:02:42', '1', '0', '0', 35.6, '口罩辨識截圖'),
('9847', 'D001', 'P001', '2020-11-23 17:03:07', '1', '1', '0', 39.8, '口罩辨識截圖'),
('9868', 'D101', 'P004', '2020-11-23 17:03:26', '0', '1', '1', 36.4, '口罩辨識截圖'),
('9873', 'D005', 'P002', '2020-11-23 17:03:30', '0', '1', '1', 35, '口罩辨識截圖'),
('9874', 'D001', 'P002', '2020-11-23 17:03:34', '1', '0', '1', 39.3, '口罩辨識截圖'),
('9897', 'D002', 'P004', '2020-11-23 17:03:59', '1', '0', '1', 36.3, '口罩辨識截圖'),
('9906', 'D105', 'P002', '2020-11-23 17:04:07', '1', '1', '0', 39.3, '口罩辨識截圖'),
('9915', 'D102', 'P002', '2020-11-23 17:04:20', '1', '1', '0', 39.5, '口罩辨識截圖'),
('9940', 'D007', 'P003', '2020-11-23 17:04:48', '0', '1', '1', 37.1, '口罩辨識截圖'),
('9952', 'D003', 'P003', '2020-11-23 17:05:00', '1', '1', '1', 38.3, '口罩辨識截圖'),
('9977', 'D107', 'P002', '2020-11-23 17:05:25', '0', '0', '0', 38.1, '口罩辨識截圖'),
('9993', 'D107', 'P001', '2020-11-23 17:05:42', '1', '1', '0', 37.7, '口罩辨識截圖'),
('10026', 'D101', 'P004', '2020-11-23 17:06:09', '0', '0', '1', 36.4, '口罩辨識截圖'),
('10047', 'D005', 'P004', '2020-11-23 17:06:33', '1', '1', '0', 40, '口罩辨識截圖'),
('10063', 'D007', 'P002', '2020-11-23 17:06:55', '1', '0', '0', 37.7, '口罩辨識截圖'),
('10081', 'D003', 'P001', '2020-11-23 17:07:17', '0', '1', '0', 39.3, '口罩辨識截圖'),
('10105', 'D003', 'P004', '2020-11-23 17:07:44', '0', '1', '0', 36, '口罩辨識截圖'),
('10120', 'D103', 'P004', '2020-11-23 17:08:07', '1', '0', '0', 36.8, '口罩辨識截圖'),
('10132', 'D107', 'P001', '2020-11-23 17:08:16', '0', '0', '0', 40, '口罩辨識截圖'),
('10155', 'D002', 'P003', '2020-11-23 17:08:44', '1', '0', '1', 36.3, '口罩辨識截圖'),
('10159', 'D004', 'P001', '2020-11-23 17:08:46', '0', '0', '0', 38.2, '口罩辨識截圖'),
('10175', 'D101', 'P003', '2020-11-23 17:09:04', '1', '0', '1', 39.9, '口罩辨識截圖'),
('10180', 'D106', 'P003', '2020-11-23 17:09:14', '1', '1', '0', 35.3, '口罩辨識截圖'),
('10185', 'D001', 'P001', '2020-11-23 17:09:19', '1', '0', '0', 38.6, '口罩辨識截圖'),
('10186', 'D107', 'P003', '2020-11-23 17:09:20', '1', '1', '0', 37.2, '口罩辨識截圖'),
('10199', 'D103', 'P004', '2020-11-23 17:09:33', '0', '0', '0', 36.3, '口罩辨識截圖'),
('10203', 'D101', 'P003', '2020-11-23 17:09:39', '0', '0', '0', 35, '口罩辨識截圖'),
('10210', 'D102', 'P004', '2020-11-23 17:09:47', '1', '0', '1', 38.9, '口罩辨識截圖'),
('10233', 'D107', 'P004', '2020-11-23 17:10:12', '1', '0', '0', 37.1, '口罩辨識截圖'),
('10234', 'D005', 'P001', '2020-11-23 17:10:13', '1', '1', '0', 39, '口罩辨識截圖'),
('10246', 'D004', 'P005', '2020-11-23 17:10:28', '0', '1', '0', 38.8, '口罩辨識截圖'),
('10268', 'D003', 'P003', '2020-11-23 17:10:48', '0', '1', '0', 39.2, '口罩辨識截圖'),
('10277', 'D107', 'P001', '2020-11-23 17:10:59', '0', '1', '1', 38.5, '口罩辨識截圖'),
('10302', 'D003', 'P003', '2020-11-23 17:11:28', '1', '1', '0', 37.4, '口罩辨識截圖'),
('10323', 'D008', 'P005', '2020-11-23 17:11:49', '0', '0', '0', 38, '口罩辨識截圖'),
('10343', 'D107', 'P003', '2020-11-23 17:12:05', '1', '1', '1', 36.9, '口罩辨識截圖'),
('10344', 'D105', 'P001', '2020-11-23 17:12:06', '1', '1', '1', 37.8, '口罩辨識截圖'),
('10346', 'D101', 'P004', '2020-11-23 17:12:09', '1', '0', '0', 39.9, '口罩辨識截圖'),
('10371', 'D105', 'P002', '2020-11-23 17:12:38', '1', '1', '0', 38.1, '口罩辨識截圖'),
('10392', 'D105', 'P001', '2020-11-23 17:12:52', '1', '0', '1', 37.3, '口罩辨識截圖'),
('10394', 'D105', 'P002', '2020-11-23 17:12:56', '1', '0', '0', 39.1, '口罩辨識截圖'),
('10417', 'D006', 'P003', '2020-11-23 17:13:20', '0', '1', '0', 38.8, '口罩辨識截圖'),
('10426', 'D105', 'P005', '2020-11-23 17:13:29', '1', '0', '0', 35.8, '口罩辨識截圖'),
('10449', 'D102', 'P005', '2020-11-23 17:13:56', '1', '1', '0', 39.9, '口罩辨識截圖'),
('10468', 'D005', 'P005', '2020-11-23 17:14:19', '1', '0', '0', 39.3, '口罩辨識截圖'),
('10471', 'D104', 'P001', '2020-11-23 17:14:21', '1', '1', '0', 40, '口罩辨識截圖'),
('10494', 'D004', 'P005', '2020-11-23 17:14:50', '0', '0', '0', 39.4, '口罩辨識截圖'),
('10496', 'D106', 'P005', '2020-11-23 17:14:53', '1', '1', '0', 36.7, '口罩辨識截圖'),
('10518', 'D002', 'P001', '2020-11-23 17:15:19', '0', '1', '0', 39.3, '口罩辨識截圖'),
('10525', 'D007', 'P005', '2020-11-23 17:15:27', '1', '0', '1', 38.8, '口罩辨識截圖'),
('10538', 'D101', 'P003', '2020-11-23 17:15:39', '1', '0', '1', 37, '口罩辨識截圖'),
('10549', 'D106', 'P003', '2020-11-23 17:15:48', '1', '0', '1', 38.2, '口罩辨識截圖'),
('10567', 'D106', 'P002', '2020-11-23 17:16:06', '1', '1', '1', 38.9, '口罩辨識截圖'),
('10575', 'D006', 'P003', '2020-11-23 17:16:18', '1', '0', '0', 38.4, '口罩辨識截圖'),
('10578', 'D005', 'P002', '2020-11-23 17:16:23', '0', '0', '0', 37.1, '口罩辨識截圖'),
('10600', 'D102', 'P003', '2020-11-23 17:16:46', '0', '1', '1', 37.5, '口罩辨識截圖'),
('10623', 'D103', 'P003', '2020-11-23 17:17:09', '0', '0', '0', 38, '口罩辨識截圖'),
('10630', 'D001', 'P004', '2020-11-23 17:17:18', '0', '1', '0', 37.6, '口罩辨識截圖'),
('10645', 'D008', 'P005', '2020-11-23 17:17:34', '0', '1', '1', 39.3, '口罩辨識截圖'),
('10648', 'D007', 'P003', '2020-11-23 17:17:38', '0', '0', '0', 38.3, '口罩辨識截圖'),
('10676', 'D004', 'P002', '2020-11-23 17:18:06', '0', '0', '0', 36.5, '口罩辨識截圖'),
('10704', 'D007', 'P005', '2020-11-23 17:18:32', '0', '0', '0', 36.3, '口罩辨識截圖'),
('10713', 'D105', 'P005', '2020-11-23 17:18:43', '0', '0', '1', 36.3, '口罩辨識截圖'),
('10740', 'D002', 'P001', '2020-11-23 17:19:12', '1', '0', '0', 37.1, '口罩辨識截圖'),
('10754', 'D104', 'P004', '2020-11-23 17:19:26', '0', '1', '1', 39.6, '口罩辨識截圖'),
('10759', 'D102', 'P001', '2020-11-23 17:19:31', '0', '0', '0', 39.7, '口罩辨識截圖'),
('10768', 'D004', 'P004', '2020-11-23 17:19:41', '1', '1', '0', 36, '口罩辨識截圖'),
('10771', 'D108', 'P004', '2020-11-23 17:19:42', '1', '0', '1', 39.2, '口罩辨識截圖'),
('10786', 'D001', 'P003', '2020-11-23 17:19:59', '1', '1', '1', 36.5, '口罩辨識截圖'),
('10796', 'D103', 'P002', '2020-11-23 17:20:13', '0', '1', '1', 35.8, '口罩辨識截圖'),
('10799', 'D101', 'P005', '2020-11-23 17:20:15', '0', '0', '0', 39.1, '口罩辨識截圖'),
('10804', 'D108', 'P004', '2020-11-23 17:20:19', '0', '0', '1', 37.3, '口罩辨識截圖'),
('10814', 'D007', 'P005', '2020-11-23 17:20:27', '0', '1', '0', 37.6, '口罩辨識截圖'),
('10818', 'D101', 'P002', '2020-11-23 17:20:33', '1', '1', '0', 35.6, '口罩辨識截圖'),
('10833', 'D104', 'P005', '2020-11-23 17:20:49', '1', '0', '0', 36.8, '口罩辨識截圖'),
('10836', 'D104', 'P003', '2020-11-23 17:20:50', '0', '1', '0', 35.9, '口罩辨識截圖'),
('10852', 'D102', 'P003', '2020-11-23 17:21:07', '1', '0', '0', 38, '口罩辨識截圖'),
('10862', 'D102', 'P003', '2020-11-23 17:21:14', '0', '0', '0', 39.3, '口罩辨識截圖'),
('10869', 'D107', 'P002', '2020-11-23 17:21:21', '0', '0', '1', 37.2, '口罩辨識截圖'),
('10874', 'D006', 'P003', '2020-11-23 17:21:24', '0', '1', '1', 37.9, '口罩辨識截圖'),
('10885', 'D104', 'P001', '2020-11-23 17:21:38', '0', '1', '0', 36, '口罩辨識截圖'),
('10889', 'D001', 'P003', '2020-11-23 17:21:43', '1', '1', '1', 37.3, '口罩辨識截圖'),
('10891', 'D108', 'P001', '2020-11-23 17:21:48', '0', '1', '1', 36.9, '口罩辨識截圖'),
('10917', 'D003', 'P004', '2020-11-23 17:22:13', '1', '1', '1', 38.9, '口罩辨識截圖'),
('10945', 'D003', 'P001', '2020-11-23 17:22:42', '1', '1', '1', 35.4, '口罩辨識截圖'),
('10957', 'D008', 'P002', '2020-11-23 17:22:53', '1', '0', '0', 37.1, '口罩辨識截圖'),
('10963', 'D007', 'P003', '2020-11-23 17:22:59', '1', '1', '1', 37.2, '口罩辨識截圖'),
('10973', 'D002', 'P002', '2020-11-23 17:23:10', '0', '1', '1', 36.9, '口罩辨識截圖'),
('10983', 'D006', 'P005', '2020-11-23 17:23:23', '0', '1', '1', 39, '口罩辨識截圖'),
('11000', 'D108', 'P004', '2020-11-23 17:23:38', '0', '1', '1', 37.8, '口罩辨識截圖'),
('11017', 'D107', 'P001', '2020-11-23 17:23:59', '1', '0', '1', 38.4, '口罩辨識截圖'),
('11018', 'D106', 'P004', '2020-11-23 17:24:02', '0', '0', '1', 35.2, '口罩辨識截圖'),
('11038', 'D001', 'P005', '2020-11-23 17:24:22', '1', '1', '1', 35.9, '口罩辨識截圖'),
('11060', 'D107', 'P001', '2020-11-23 17:24:47', '0', '1', '1', 39.6, '口罩辨識截圖'),
('11076', 'D106', 'P005', '2020-11-23 17:25:01', '0', '0', '0', 35.5, '口罩辨識截圖'),
('11087', 'D007', 'P005', '2020-11-23 17:25:09', '1', '0', '0', 35.2, '口罩辨識截圖'),
('11103', 'D103', 'P002', '2020-11-23 17:25:26', '0', '0', '0', 36.9, '口罩辨識截圖'),
('11130', 'D004', 'P004', '2020-11-23 17:25:55', '0', '0', '0', 39.5, '口罩辨識截圖'),
('11137', 'D102', 'P004', '2020-11-23 17:26:00', '1', '1', '0', 38, '口罩辨識截圖'),
('11146', 'D104', 'P001', '2020-11-23 17:26:13', '1', '0', '1', 35.4, '口罩辨識截圖'),
('11155', 'D005', 'P002', '2020-11-23 17:26:22', '0', '1', '1', 36.4, '口罩辨識截圖'),
('11175', 'D105', 'P003', '2020-11-23 17:26:47', '0', '0', '1', 35.5, '口罩辨識截圖'),
('11188', 'D006', 'P002', '2020-11-23 17:27:07', '1', '1', '0', 37.7, '口罩辨識截圖'),
('11207', 'D104', 'P001', '2020-11-23 17:27:29', '1', '0', '0', 38.5, '口罩辨識截圖'),
('11226', 'D003', 'P001', '2020-11-23 17:27:48', '1', '0', '1', 38, '口罩辨識截圖'),
('11236', 'D006', 'P003', '2020-11-23 17:28:02', '0', '1', '0', 36.3, '口罩辨識截圖'),
('11237', 'D106', 'P002', '2020-11-23 17:28:04', '0', '1', '0', 35.6, '口罩辨識截圖'),
('11265', 'D104', 'P001', '2020-11-23 17:28:31', '1', '1', '1', 36.9, '口罩辨識截圖'),
('11281', 'D006', 'P004', '2020-11-23 17:28:50', '0', '1', '0', 36.8, '口罩辨識截圖'),
('11288', 'D103', 'P003', '2020-11-23 17:28:57', '0', '0', '1', 38.6, '口罩辨識截圖'),
('11316', 'D107', 'P003', '2020-11-23 17:29:22', '0', '1', '1', 38.8, '口罩辨識截圖'),
('11339', 'D101', 'P001', '2020-11-23 17:29:48', '1', '1', '0', 37.7, '口罩辨識截圖'),
('11344', 'D102', 'P002', '2020-11-23 17:29:53', '0', '0', '0', 36, '口罩辨識截圖'),
('11361', 'D104', 'P002', '2020-11-23 17:30:13', '1', '1', '0', 38.5, '口罩辨識截圖'),
('11366', 'D107', 'P005', '2020-11-23 17:30:20', '0', '0', '1', 36.1, '口罩辨識截圖'),
('11378', 'D102', 'P003', '2020-11-23 17:30:28', '1', '0', '0', 35.7, '口罩辨識截圖'),
('11398', 'D001', 'P001', '2020-11-23 17:30:51', '0', '0', '0', 38.5, '口罩辨識截圖'),
('11423', 'D002', 'P005', '2020-11-23 17:31:21', '0', '1', '1', 39.3, '口罩辨識截圖'),
('11441', 'D104', 'P005', '2020-11-23 17:31:41', '1', '1', '0', 39.6, '口罩辨識截圖'),
('11446', 'D006', 'P003', '2020-11-23 17:31:45', '0', '1', '1', 39, '口罩辨識截圖'),
('11465', 'D001', 'P003', '2020-11-23 17:32:01', '0', '0', '0', 39.5, '口罩辨識截圖'),
('11476', 'D102', 'P001', '2020-11-23 17:32:18', '0', '1', '0', 36.1, '口罩辨識截圖'),
('11485', 'D002', 'P003', '2020-11-23 17:32:22', '1', '0', '0', 35.9, '口罩辨識截圖'),
('11506', 'D002', 'P002', '2020-11-23 17:32:48', '1', '0', '1', 37.1, '口罩辨識截圖'),
('11528', 'D006', 'P001', '2020-11-23 17:33:13', '0', '1', '1', 37, '口罩辨識截圖'),
('11529', 'D104', 'P003', '2020-11-23 17:33:14', '1', '1', '0', 36.7, '口罩辨識截圖'),
('11551', 'D102', 'P001', '2020-11-23 17:33:38', '0', '0', '1', 37, '口罩辨識截圖'),
('11562', 'D005', 'P003', '2020-11-23 17:33:51', '1', '1', '0', 37.1, '口罩辨識截圖'),
('11586', 'D005', 'P003', '2020-11-23 17:34:14', '1', '0', '1', 36.7, '口罩辨識截圖'),
('11594', 'D108', 'P003', '2020-11-23 17:34:28', '1', '0', '0', 37.4, '口罩辨識截圖'),
('11602', 'D007', 'P005', '2020-11-23 17:34:35', '0', '0', '0', 35.7, '口罩辨識截圖'),
('11605', 'D102', 'P002', '2020-11-23 17:34:37', '0', '0', '1', 38.1, '口罩辨識截圖'),
('11624', 'D001', 'P002', '2020-11-23 17:35:00', '0', '1', '1', 39.9, '口罩辨識截圖'),
('11625', 'D107', 'P001', '2020-11-23 17:35:00', '0', '0', '0', 35.3, '口罩辨識截圖'),
('11643', 'D102', 'P005', '2020-11-23 17:35:18', '1', '0', '1', 35.3, '口罩辨識截圖'),
('11664', 'D001', 'P005', '2020-11-23 17:35:41', '0', '1', '0', 38.5, '口罩辨識截圖'),
('11671', 'D006', 'P005', '2020-11-23 17:35:48', '1', '0', '1', 38.6, '口罩辨識截圖'),
('11680', 'D007', 'P005', '2020-11-23 17:35:54', '0', '1', '1', 39.8, '口罩辨識截圖'),
('11691', 'D102', 'P005', '2020-11-23 17:36:08', '0', '1', '0', 37.3, '口罩辨識截圖'),
('11700', 'D108', 'P003', '2020-11-23 17:36:20', '0', '1', '0', 36.2, '口罩辨識截圖'),
('11713', 'D005', 'P002', '2020-11-23 17:36:32', '0', '0', '1', 39.8, '口罩辨識截圖'),
('11734', 'D107', 'P004', '2020-11-23 17:36:55', '0', '0', '1', 39.1, '口罩辨識截圖'),
('11759', 'D107', 'P005', '2020-11-23 17:37:23', '0', '1', '1', 39.9, '口罩辨識截圖'),
('11782', 'D105', 'P005', '2020-11-23 17:37:50', '1', '0', '0', 35.2, '口罩辨識截圖'),
('11799', 'D103', 'P003', '2020-11-23 17:38:09', '1', '1', '1', 36.9, '口罩辨識截圖'),
('11802', 'D101', 'P004', '2020-11-23 17:38:15', '1', '0', '0', 39.6, '口罩辨識截圖'),
('11820', 'D108', 'P003', '2020-11-23 17:38:31', '0', '0', '0', 36.5, '口罩辨識截圖'),
('11828', 'D006', 'P005', '2020-11-23 17:38:39', '1', '1', '1', 39.6, '口罩辨識截圖'),
('11832', 'D107', 'P001', '2020-11-23 17:38:45', '1', '0', '1', 39.8, '口罩辨識截圖'),
('11849', 'D007', 'P003', '2020-11-23 17:39:04', '1', '0', '1', 37.2, '口罩辨識截圖'),
('11860', 'D005', 'P003', '2020-11-23 17:39:18', '1', '0', '0', 38.6, '口罩辨識截圖'),
('11882', 'D008', 'P002', '2020-11-23 17:39:38', '1', '1', '0', 37.5, '口罩辨識截圖'),
('11894', 'D107', 'P004', '2020-11-23 17:39:56', '1', '0', '0', 38.1, '口罩辨識截圖'),
('11904', 'D005', 'P003', '2020-11-23 17:40:02', '1', '1', '0', 38.1, '口罩辨識截圖'),
('11925', 'D001', 'P001', '2020-11-23 17:40:20', '0', '0', '1', 37.6, '口罩辨識截圖'),
('11940', 'D108', 'P004', '2020-11-23 17:40:35', '1', '1', '0', 38.9, '口罩辨識截圖'),
('11954', 'D103', 'P002', '2020-11-23 17:40:52', '0', '1', '1', 39.7, '口罩辨識截圖'),
('11975', 'D001', 'P002', '2020-11-23 17:41:19', '1', '1', '0', 39.3, '口罩辨識截圖'),
('11985', 'D108', 'P003', '2020-11-23 17:41:29', '1', '1', '1', 36.2, '口罩辨識截圖'),
('11995', 'D006', 'P004', '2020-11-23 17:41:40', '0', '1', '1', 35.4, '口罩辨識截圖'),
('11999', 'D002', 'P005', '2020-11-23 17:41:46', '1', '0', '0', 39.9, '口罩辨識截圖'),
('12019', 'D105', 'P001', '2020-11-23 17:42:08', '0', '0', '1', 36.6, '口罩辨識截圖'),
('12035', 'D102', 'P005', '2020-11-23 17:42:27', '0', '0', '1', 39.3, '口罩辨識截圖'),
('12053', 'D008', 'P003', '2020-11-23 17:42:46', '1', '0', '1', 39.7, '口罩辨識截圖'),
('12075', 'D103', 'P001', '2020-11-23 17:43:12', '0', '0', '1', 35.5, '口罩辨識截圖'),
('12084', 'D001', 'P001', '2020-11-23 17:43:23', '1', '1', '0', 37.8, '口罩辨識截圖'),
('12094', 'D108', 'P001', '2020-11-23 17:43:29', '1', '1', '0', 35.2, '口罩辨識截圖'),
('12097', 'D004', 'P003', '2020-11-23 17:43:35', '0', '0', '1', 38.7, '口罩辨識截圖'),
('12101', 'D108', 'P001', '2020-11-23 17:43:38', '0', '1', '1', 37.7, '口罩辨識截圖'),
('12125', 'D003', 'P001', '2020-11-23 17:44:04', '1', '1', '0', 35.8, '口罩辨識截圖'),
('12140', 'D002', 'P003', '2020-11-23 17:44:20', '1', '1', '1', 39.1, '口罩辨識截圖'),
('12155', 'D104', 'P002', '2020-11-23 17:44:37', '1', '1', '0', 38.5, '口罩辨識截圖'),
('12176', 'D102', 'P005', '2020-11-23 17:44:59', '0', '1', '0', 39, '口罩辨識截圖'),
('12185', 'D005', 'P003', '2020-11-23 17:45:08', '1', '1', '0', 36.5, '口罩辨識截圖'),
('12210', 'D006', 'P001', '2020-11-23 17:45:34', '1', '1', '1', 35.1, '口罩辨識截圖'),
('12213', 'D008', 'P003', '2020-11-23 17:45:35', '0', '0', '1', 37.2, '口罩辨識截圖'),
('12226', 'D104', 'P001', '2020-11-23 17:45:41', '0', '1', '0', 38.1, '口罩辨識截圖'),
('12230', 'D103', 'P005', '2020-11-23 17:45:46', '0', '0', '1', 36.9, '口罩辨識截圖'),
('12232', 'D106', 'P002', '2020-11-23 17:45:51', '1', '0', '0', 35.1, '口罩辨識截圖'),
('12249', 'D104', 'P003', '2020-11-23 17:46:09', '1', '0', '1', 38.8, '口罩辨識截圖'),
('12272', 'D108', 'P003', '2020-11-23 17:46:33', '0', '0', '1', 36.8, '口罩辨識截圖'),
('12290', 'D002', 'P005', '2020-11-23 17:46:55', '0', '0', '0', 38.3, '口罩辨識截圖'),
('12304', 'D101', 'P004', '2020-11-23 17:47:07', '0', '0', '1', 38.1, '口罩辨識截圖'),
('12327', 'D001', 'P002', '2020-11-23 17:47:31', '1', '1', '1', 36.7, '口罩辨識截圖'),
('12338', 'D107', 'P001', '2020-11-23 17:47:44', '1', '1', '0', 35.8, '口罩辨識截圖'),
('12357', 'D106', 'P004', '2020-11-23 17:48:02', '1', '0', '0', 37.3, '口罩辨識截圖'),
('12379', 'D007', 'P002', '2020-11-23 17:48:30', '1', '0', '1', 35.9, '口罩辨識截圖'),
('12390', 'D006', 'P003', '2020-11-23 17:48:37', '1', '1', '0', 36.5, '口罩辨識截圖'),
('12391', 'D001', 'P002', '2020-11-23 17:48:38', '0', '1', '0', 39.6, '口罩辨識截圖'),
('12400', 'D006', 'P001', '2020-11-23 17:48:48', '0', '0', '0', 36.8, '口罩辨識截圖'),
('12407', 'D002', 'P004', '2020-11-23 17:48:55', '1', '1', '0', 37.3, '口罩辨識截圖'),
('12414', 'D108', 'P003', '2020-11-23 17:49:01', '1', '0', '1', 38.1, '口罩辨識截圖'),
('12423', 'D108', 'P004', '2020-11-23 17:49:10', '1', '0', '0', 39.4, '口罩辨識截圖'),
('12441', 'D006', 'P001', '2020-11-23 17:49:23', '0', '1', '0', 38.2, '口罩辨識截圖'),
('12461', 'D006', 'P005', '2020-11-23 17:49:48', '1', '0', '0', 36.9, '口罩辨識截圖'),
('12474', 'D104', 'P003', '2020-11-23 17:50:07', '0', '0', '0', 37.8, '口罩辨識截圖'),
('12483', 'D104', 'P003', '2020-11-23 17:50:10', '1', '1', '1', 36.4, '口罩辨識截圖'),
('12518', 'D002', 'P001', '2020-11-23 17:50:39', '0', '1', '0', 37.5, '口罩辨識截圖'),
('12540', 'D107', 'P003', '2020-11-23 17:51:03', '0', '0', '0', 38.3, '口罩辨識截圖'),
('12550', 'D005', 'P001', '2020-11-23 17:51:18', '0', '1', '1', 36, '口罩辨識截圖'),
('12569', 'D101', 'P003', '2020-11-23 17:51:39', '1', '0', '1', 39.9, '口罩辨識截圖'),
('12583', 'D007', 'P002', '2020-11-23 17:51:55', '0', '0', '0', 39.9, '口罩辨識截圖'),
('12601', 'D105', 'P003', '2020-11-23 17:52:14', '0', '1', '1', 35.4, '口罩辨識截圖'),
('12603', 'D105', 'P005', '2020-11-23 17:52:17', '0', '0', '0', 39.1, '口罩辨識截圖'),
('12616', 'D103', 'P005', '2020-11-23 17:52:32', '1', '1', '0', 37.6, '口罩辨識截圖'),
('12622', 'D003', 'P004', '2020-11-23 17:52:39', '0', '1', '1', 36.6, '口罩辨識截圖'),
('12638', 'D005', 'P002', '2020-11-23 17:53:03', '1', '0', '1', 38.1, '口罩辨識截圖'),
('12654', 'D003', 'P005', '2020-11-23 17:53:19', '0', '0', '0', 36.1, '口罩辨識截圖'),
('12659', 'D008', 'P003', '2020-11-23 17:53:25', '1', '0', '0', 37.2, '口罩辨識截圖'),
('12678', 'D005', 'P005', '2020-11-23 17:53:50', '0', '1', '0', 36.7, '口罩辨識截圖'),
('12690', 'D108', 'P005', '2020-11-23 17:54:06', '1', '1', '0', 36.1, '口罩辨識截圖'),
('12696', 'D105', 'P001', '2020-11-23 17:54:12', '0', '1', '0', 37.5, '口罩辨識截圖'),
('12716', 'D103', 'P005', '2020-11-23 17:54:34', '1', '0', '1', 37, '口罩辨識截圖'),
('12722', 'D103', 'P002', '2020-11-23 17:54:38', '1', '1', '0', 35.7, '口罩辨識截圖'),
('12736', 'D006', 'P002', '2020-11-23 17:54:53', '1', '1', '1', 36.3, '口罩辨識截圖'),
('12764', 'D101', 'P002', '2020-11-23 17:55:17', '0', '0', '0', 37.8, '口罩辨識截圖'),
('12773', 'D107', 'P004', '2020-11-23 17:55:27', '1', '0', '1', 39.3, '口罩辨識截圖'),
('12798', 'D001', 'P005', '2020-11-23 17:55:49', '1', '1', '1', 39.2, '口罩辨識截圖'),
('12818', 'D003', 'P003', '2020-11-23 17:56:08', '0', '0', '1', 39, '口罩辨識截圖'),
('12836', 'D108', 'P005', '2020-11-23 17:56:30', '0', '0', '1', 39.8, '口罩辨識截圖'),
('12849', 'D003', 'P001', '2020-11-23 17:56:41', '0', '0', '1', 36.4, '口罩辨識截圖'),
('12866', 'D002', 'P002', '2020-11-23 17:57:00', '1', '1', '1', 38.9, '口罩辨識截圖'),
('12872', 'D108', 'P003', '2020-11-23 17:57:04', '1', '0', '1', 36.5, '口罩辨識截圖'),
('12885', 'D105', 'P005', '2020-11-23 17:57:18', '1', '1', '1', 39.7, '口罩辨識截圖'),
('12906', 'D106', 'P005', '2020-11-23 17:57:45', '0', '0', '1', 36.9, '口罩辨識截圖'),
('12919', 'D106', 'P003', '2020-11-23 17:58:00', '1', '0', '0', 39.9, '口罩辨識截圖'),
('12951', 'D004', 'P005', '2020-11-23 17:58:28', '0', '1', '1', 35.8, '口罩辨識截圖'),
('12972', 'D001', 'P003', '2020-11-23 17:58:55', '0', '0', '0', 39.9, '口罩辨識截圖'),
('12976', 'D105', 'P001', '2020-11-23 17:58:57', '1', '0', '0', 39.8, '口罩辨識截圖'),
('12995', 'D003', 'P001', '2020-11-23 17:59:20', '1', '1', '1', 38, '口罩辨識截圖'),
('13012', 'D103', 'P004', '2020-11-23 17:59:38', '1', '1', '0', 35.2, '口罩辨識截圖'),
('13023', 'D003', 'P003', '2020-11-23 17:59:47', '0', '0', '0', 36.9, '口罩辨識截圖'),
('13029', 'D008', 'P002', '2020-11-23 17:59:53', '0', '0', '1', 39.6, '口罩辨識截圖'),
('13046', 'D005', 'P005', '2020-11-23 18:00:10', '1', '0', '0', 37.3, '口罩辨識截圖'),
('13067', 'D108', 'P004', '2020-11-23 18:00:37', '0', '0', '0', 36.8, '口罩辨識截圖'),
('13085', 'D106', 'P002', '2020-11-23 18:00:54', '1', '1', '0', 38.6, '口罩辨識截圖'),
('13094', 'D001', 'P003', '2020-11-23 18:01:01', '0', '0', '1', 39.9, '口罩辨識截圖'),
('13110', 'D106', 'P004', '2020-11-23 18:01:15', '0', '1', '1', 36.5, '口罩辨識截圖'),
('13127', 'D006', 'P005', '2020-11-23 18:01:32', '1', '1', '0', 38.7, '口罩辨識截圖'),
('13151', 'D001', 'P004', '2020-11-23 18:01:57', '1', '0', '1', 38.4, '口罩辨識截圖'),
('13153', 'D005', 'P001', '2020-11-23 18:02:00', '0', '1', '0', 36.9, '口罩辨識截圖'),
('13161', 'D001', 'P004', '2020-11-23 18:02:06', '1', '1', '1', 35.5, '口罩辨識截圖'),
('13182', 'D108', 'P001', '2020-11-23 18:02:30', '1', '0', '0', 38.1, '口罩辨識截圖'),
('13197', 'D106', 'P002', '2020-11-23 18:02:39', '1', '0', '0', 39.6, '口罩辨識截圖'),
('13212', 'D106', 'P002', '2020-11-23 18:02:59', '1', '0', '1', 36.2, '口罩辨識截圖'),
('13221', 'D103', 'P002', '2020-11-23 18:03:07', '0', '1', '1', 36.4, '口罩辨識截圖'),
('13242', 'D001', 'P002', '2020-11-23 18:03:32', '1', '1', '1', 39.5, '口罩辨識截圖'),
('13266', 'D005', 'P005', '2020-11-23 18:03:56', '0', '0', '0', 35.1, '口罩辨識截圖'),
('13267', 'D004', 'P004', '2020-11-23 18:03:59', '0', '0', '0', 35.7, '口罩辨識截圖'),
('13277', 'D001', 'P002', '2020-11-23 18:04:10', '1', '0', '1', 35.8, '口罩辨識截圖'),
('13303', 'D003', 'P005', '2020-11-23 18:04:35', '0', '0', '0', 38, '口罩辨識截圖'),
('13333', 'D105', 'P004', '2020-11-23 18:05:01', '1', '1', '0', 38.5, '口罩辨識截圖'),
('13342', 'D101', 'P003', '2020-11-23 18:05:08', '0', '0', '0', 39.4, '口罩辨識截圖'),
('13360', 'D007', 'P002', '2020-11-23 18:05:29', '0', '0', '1', 37.3, '口罩辨識截圖'),
('13380', 'D005', 'P004', '2020-11-23 18:05:48', '1', '0', '0', 38.1, '口罩辨識截圖'),
('13397', 'D005', 'P003', '2020-11-23 18:06:10', '0', '0', '1', 39.5, '口罩辨識截圖'),
('13404', 'D007', 'P003', '2020-11-23 18:06:18', '1', '1', '1', 37.4, '口罩辨識截圖'),
('13413', 'D003', 'P002', '2020-11-23 18:06:27', '0', '1', '0', 35.9, '口罩辨識截圖'),
('13437', 'D002', 'P004', '2020-11-23 18:06:57', '1', '1', '1', 39.6, '口罩辨識截圖'),
('13465', 'D106', 'P003', '2020-11-23 18:07:24', '0', '1', '1', 37.7, '口罩辨識截圖'),
('13474', 'D008', 'P005', '2020-11-23 18:07:36', '0', '1', '1', 37.9, '口罩辨識截圖'),
('13485', 'D007', 'P005', '2020-11-23 18:07:46', '0', '1', '1', 36, '口罩辨識截圖'),
('13496', 'D002', 'P002', '2020-11-23 18:07:55', '1', '1', '1', 35.6, '口罩辨識截圖'),
('13516', 'D001', 'P005', '2020-11-23 18:08:17', '1', '0', '1', 39.4, '口罩辨識截圖'),
('13519', 'D107', 'P005', '2020-11-23 18:08:24', '0', '1', '1', 35.4, '口罩辨識截圖'),
('13528', 'D105', 'P005', '2020-11-23 18:08:29', '0', '1', '0', 38.8, '口罩辨識截圖'),
('13529', 'D002', 'P005', '2020-11-23 18:08:30', '0', '0', '1', 37.2, '口罩辨識截圖'),
('13536', 'D106', 'P003', '2020-11-23 18:08:39', '1', '0', '1', 35.5, '口罩辨識截圖'),
('13561', 'D003', 'P004', '2020-11-23 18:09:05', '0', '1', '0', 37.6, '口罩辨識截圖'),
('13577', 'D003', 'P001', '2020-11-23 18:09:18', '1', '0', '1', 39.6, '口罩辨識截圖'),
('13599', 'D005', 'P003', '2020-11-23 18:09:36', '1', '1', '0', 39.3, '口罩辨識截圖'),
('13613', 'D108', 'P004', '2020-11-23 18:09:52', '0', '1', '1', 38.5, '口罩辨識截圖'),
('13622', 'D104', 'P003', '2020-11-23 18:10:00', '0', '0', '0', 36.2, '口罩辨識截圖'),
('13639', 'D005', 'P005', '2020-11-23 18:10:18', '1', '0', '0', 38.3, '口罩辨識截圖'),
('13659', 'D006', 'P005', '2020-11-23 18:10:38', '0', '0', '1', 37.2, '口罩辨識截圖'),
('13674', 'D007', 'P002', '2020-11-23 18:10:53', '1', '1', '0', 39, '口罩辨識截圖'),
('13690', 'D006', 'P003', '2020-11-23 18:11:10', '1', '0', '0', 38.1, '口罩辨識截圖'),
('13697', 'D105', 'P005', '2020-11-23 18:11:14', '1', '1', '0', 36.1, '口罩辨識截圖'),
('13717', 'D006', 'P002', '2020-11-23 18:11:31', '0', '0', '1', 35.7, '口罩辨識截圖'),
('13727', 'D003', 'P001', '2020-11-23 18:11:44', '1', '1', '1', 35.3, '口罩辨識截圖'),
('13728', 'D108', 'P002', '2020-11-23 18:11:45', '0', '0', '1', 39.9, '口罩辨識截圖'),
('13729', 'D005', 'P005', '2020-11-23 18:11:46', '1', '0', '1', 38.7, '口罩辨識截圖'),
('13744', 'D106', 'P005', '2020-11-23 18:12:00', '1', '1', '0', 37.2, '口罩辨識截圖'),
('13747', 'D107', 'P003', '2020-11-23 18:12:07', '1', '1', '0', 37.8, '口罩辨識截圖'),
('13771', 'D107', 'P005', '2020-11-23 18:12:32', '1', '1', '0', 36.2, '口罩辨識截圖'),
('13797', 'D104', 'P005', '2020-11-23 18:13:01', '0', '1', '0', 36.4, '口罩辨識截圖'),
('13802', 'D004', 'P001', '2020-11-23 18:13:08', '0', '1', '0', 39.9, '口罩辨識截圖'),
('13804', 'D101', 'P005', '2020-11-23 18:13:10', '0', '0', '0', 38.1, '口罩辨識截圖'),
('13829', 'D105', 'P005', '2020-11-23 18:13:40', '0', '0', '1', 39, '口罩辨識截圖'),
('13835', 'D106', 'P002', '2020-11-23 18:13:48', '1', '1', '1', 38.9, '口罩辨識截圖'),
('13838', 'D007', 'P001', '2020-11-23 18:13:51', '0', '1', '1', 37, '口罩辨識截圖'),
('13860', 'D101', 'P001', '2020-11-23 18:14:15', '1', '0', '0', 38.7, '口罩辨識截圖'),
('13882', 'D006', 'P003', '2020-11-23 18:14:41', '1', '0', '1', 38.6, '口罩辨識截圖'),
('13894', 'D005', 'P003', '2020-11-23 18:14:58', '0', '1', '0', 39.6, '口罩辨識截圖'),
('13912', 'D002', 'P004', '2020-11-23 18:15:21', '1', '1', '1', 36.2, '口罩辨識截圖'),
('13916', 'D004', 'P001', '2020-11-23 18:15:24', '0', '0', '1', 35.5, '口罩辨識截圖'),
('13929', 'D001', 'P005', '2020-11-23 18:15:35', '0', '0', '0', 36.8, '口罩辨識截圖'),
('13931', 'D004', 'P005', '2020-11-23 18:15:39', '0', '0', '0', 35.8, '口罩辨識截圖'),
('13951', 'D102', 'P003', '2020-11-23 18:15:58', '1', '0', '1', 37.4, '口罩辨識截圖'),
('13964', 'D101', 'P002', '2020-11-23 18:16:12', '1', '0', '1', 37.5, '口罩辨識截圖'),
('13984', 'D101', 'P003', '2020-11-23 18:16:38', '0', '1', '0', 39.9, '口罩辨識截圖'),
('13994', 'D102', 'P005', '2020-11-23 18:16:48', '0', '0', '1', 39.3, '口罩辨識截圖'),
('13997', 'D108', 'P002', '2020-11-23 18:16:50', '0', '1', '1', 37.3, '口罩辨識截圖'),
('14008', 'D007', 'P005', '2020-11-23 18:17:07', '0', '0', '1', 38.7, '口罩辨識截圖'),
('14024', 'D105', 'P002', '2020-11-23 18:17:21', '0', '1', '0', 35.9, '口罩辨識截圖'),
('14041', 'D002', 'P005', '2020-11-23 18:17:38', '0', '1', '1', 35.1, '口罩辨識截圖'),
('14057', 'D004', 'P001', '2020-11-23 18:17:57', '1', '1', '1', 39, '口罩辨識截圖'),
('14067', 'D103', 'P004', '2020-11-23 18:18:04', '0', '0', '1', 35.3, '口罩辨識截圖'),
('14072', 'D005', 'P002', '2020-11-23 18:18:07', '0', '1', '1', 35.6, '口罩辨識截圖'),
('14089', 'D103', 'P002', '2020-11-23 18:18:24', '0', '1', '0', 38.8, '口罩辨識截圖'),
('14104', 'D007', 'P002', '2020-11-23 18:18:40', '1', '1', '0', 39.6, '口罩辨識截圖'),
('14124', 'D001', 'P002', '2020-11-23 18:19:02', '0', '0', '0', 35.7, '口罩辨識截圖'),
('14143', 'D007', 'P004', '2020-11-23 18:19:22', '1', '1', '0', 38.1, '口罩辨識截圖'),
('14144', 'D102', 'P005', '2020-11-23 18:19:24', '0', '1', '0', 35.7, '口罩辨識截圖'),
('14145', 'D007', 'P003', '2020-11-23 18:19:24', '0', '0', '0', 38.1, '口罩辨識截圖'),
('14159', 'D004', 'P001', '2020-11-23 18:19:38', '1', '1', '1', 40, '口罩辨識截圖'),
('14169', 'D105', 'P004', '2020-11-23 18:19:49', '0', '1', '0', 37.7, '口罩辨識截圖'),
('14175', 'D002', 'P004', '2020-11-23 18:19:55', '0', '0', '1', 37.3, '口罩辨識截圖'),
('14200', 'D105', 'P003', '2020-11-23 18:20:16', '1', '1', '1', 36.3, '口罩辨識截圖'),
('14209', 'D002', 'P003', '2020-11-23 18:20:28', '1', '0', '1', 39.7, '口罩辨識截圖'),
('14226', 'D106', 'P003', '2020-11-23 18:20:48', '0', '0', '0', 38.3, '口罩辨識截圖'),
('14243', 'D101', 'P002', '2020-11-23 18:21:09', '0', '1', '0', 37.2, '口罩辨識截圖'),
('14263', 'D007', 'P004', '2020-11-23 18:21:31', '1', '0', '0', 38, '口罩辨識截圖'),
('14267', 'D005', 'P004', '2020-11-23 18:21:37', '1', '1', '1', 39.9, '口罩辨識截圖'),
('14287', 'D001', 'P001', '2020-11-23 18:21:59', '1', '1', '0', 35.3, '口罩辨識截圖'),
('14291', 'D101', 'P001', '2020-11-23 18:22:07', '0', '1', '1', 37, '口罩辨識截圖'),
('14295', 'D101', 'P002', '2020-11-23 18:22:11', '0', '1', '0', 38.5, '口罩辨識截圖'),
('14316', 'D004', 'P004', '2020-11-23 18:22:39', '1', '0', '1', 37.1, '口罩辨識截圖'),
('14338', 'D004', 'P002', '2020-11-23 18:22:58', '0', '0', '0', 37.6, '口罩辨識截圖'),
('14361', 'D108', 'P004', '2020-11-23 18:23:18', '1', '0', '0', 37, '口罩辨識截圖'),
('14372', 'D005', 'P002', '2020-11-23 18:23:33', '0', '0', '1', 38.2, '口罩辨識截圖'),
('14374', 'D001', 'P002', '2020-11-23 18:23:35', '1', '0', '0', 36.5, '口罩辨識截圖'),
('14385', 'D003', 'P004', '2020-11-23 18:23:48', '0', '0', '1', 36.2, '口罩辨識截圖'),
('14400', 'D101', 'P005', '2020-11-23 18:24:06', '0', '1', '0', 37.9, '口罩辨識截圖'),
('14429', 'D104', 'P002', '2020-11-23 18:24:35', '1', '0', '1', 38.6, '口罩辨識截圖'),
('14434', 'D102', 'P001', '2020-11-23 18:24:45', '1', '1', '0', 38.6, '口罩辨識截圖'),
('14437', 'D101', 'P005', '2020-11-23 18:24:49', '0', '0', '0', 35.6, '口罩辨識截圖'),
('14455', 'D106', 'P005', '2020-11-23 18:25:11', '0', '1', '0', 36.7, '口罩辨識截圖'),
('14480', 'D101', 'P002', '2020-11-23 18:25:30', '0', '1', '0', 36.7, '口罩辨識截圖'),
('14483', 'D103', 'P002', '2020-11-23 18:25:36', '1', '0', '1', 36.8, '口罩辨識截圖'),
('14484', 'D006', 'P001', '2020-11-23 18:25:36', '0', '1', '0', 39.8, '口罩辨識截圖'),
('14503', 'D003', 'P003', '2020-11-23 18:25:57', '0', '0', '0', 38.7, '口罩辨識截圖'),
('14508', 'D102', 'P001', '2020-11-23 18:26:04', '0', '0', '0', 38.3, '口罩辨識截圖'),
('14522', 'D002', 'P005', '2020-11-23 18:26:20', '1', '0', '0', 39.2, '口罩辨識截圖'),
('14539', 'D004', 'P005', '2020-11-23 18:26:37', '1', '0', '1', 36.4, '口罩辨識截圖'),
('14547', 'D008', 'P001', '2020-11-23 18:26:44', '0', '0', '0', 37.2, '口罩辨識截圖'),
('14552', 'D008', 'P001', '2020-11-23 18:26:51', '1', '0', '0', 37.3, '口罩辨識截圖'),
('14561', 'D102', 'P005', '2020-11-23 18:26:59', '1', '0', '1', 36.8, '口罩辨識截圖'),
('14563', 'D003', 'P004', '2020-11-23 18:27:02', '1', '0', '1', 38, '口罩辨識截圖'),
('14568', 'D002', 'P004', '2020-11-23 18:27:07', '1', '1', '0', 35.6, '口罩辨識截圖'),
('14579', 'D105', 'P002', '2020-11-23 18:27:13', '0', '1', '1', 37.4, '口罩辨識截圖'),
('14586', 'D102', 'P005', '2020-11-23 18:27:26', '0', '1', '0', 38.5, '口罩辨識截圖'),
('14600', 'D006', 'P005', '2020-11-23 18:27:38', '0', '0', '0', 37.3, '口罩辨識截圖'),
('14621', 'D101', 'P003', '2020-11-23 18:28:02', '0', '0', '1', 37.1, '口罩辨識截圖'),
('14635', 'D006', 'P004', '2020-11-23 18:28:14', '1', '1', '1', 36.8, '口罩辨識截圖'),
('14648', 'D103', 'P005', '2020-11-23 18:28:25', '1', '1', '0', 39.4, '口罩辨識截圖'),
('14655', 'D007', 'P005', '2020-11-23 18:28:31', '0', '1', '1', 37.7, '口罩辨識截圖'),
('14683', 'D106', 'P003', '2020-11-23 18:29:00', '1', '1', '1', 38, '口罩辨識截圖'),
('14690', 'D107', 'P004', '2020-11-23 18:29:06', '1', '1', '0', 39.2, '口罩辨識截圖'),
('14712', 'D001', 'P002', '2020-11-23 18:29:28', '0', '1', '0', 36.5, '口罩辨識截圖'),
('14734', 'D002', 'P005', '2020-11-23 18:29:53', '0', '1', '0', 40, '口罩辨識截圖'),
('14753', 'D002', 'P002', '2020-11-23 18:30:17', '0', '1', '0', 40, '口罩辨識截圖'),
('14768', 'D105', 'P003', '2020-11-23 18:30:34', '1', '1', '1', 37.1, '口罩辨識截圖'),
('14772', 'D001', 'P004', '2020-11-23 18:30:37', '1', '1', '1', 36.5, '口罩辨識截圖'),
('14779', 'D006', 'P004', '2020-11-23 18:30:44', '0', '1', '0', 38.4, '口罩辨識截圖'),
('14783', 'D001', 'P002', '2020-11-23 18:30:48', '0', '0', '1', 35.6, '口罩辨識截圖'),
('14809', 'D107', 'P003', '2020-11-23 18:31:18', '1', '1', '0', 37.2, '口罩辨識截圖'),
('14824', 'D002', 'P005', '2020-11-23 18:31:38', '1', '0', '1', 37.3, '口罩辨識截圖'),
('14835', 'D101', 'P002', '2020-11-23 18:31:49', '0', '1', '1', 37.5, '口罩辨識截圖'),
('14863', 'D106', 'P004', '2020-11-23 18:32:17', '1', '1', '0', 35.6, '口罩辨識截圖'),
('14883', 'D005', 'P004', '2020-11-23 18:32:43', '0', '1', '1', 39.2, '口罩辨識截圖'),
('14910', 'D006', 'P004', '2020-11-23 18:33:11', '0', '0', '0', 39.9, '口罩辨識截圖'),
('14916', 'D102', 'P005', '2020-11-23 18:33:15', '0', '0', '0', 38.9, '口罩辨識截圖'),
('14939', 'D003', 'P002', '2020-11-23 18:33:43', '1', '1', '1', 35.3, '口罩辨識截圖'),
('14950', 'D103', 'P004', '2020-11-23 18:33:58', '0', '0', '1', 38.6, '口罩辨識截圖'),
('14967', 'D106', 'P004', '2020-11-23 18:34:15', '0', '1', '0', 36.4, '口罩辨識截圖'),
('14978', 'D105', 'P002', '2020-11-23 18:34:28', '0', '1', '1', 39.7, '口罩辨識截圖'),
('15003', 'D002', 'P005', '2020-11-23 18:34:57', '1', '0', '1', 36.3, '口罩辨識截圖'),
('15022', 'D101', 'P004', '2020-11-23 18:35:16', '1', '1', '0', 37.7, '口罩辨識截圖'),
('15047', 'D001', 'P004', '2020-11-23 18:35:41', '1', '0', '1', 35.4, '口罩辨識截圖'),
('15067', 'D102', 'P003', '2020-11-23 18:36:03', '0', '1', '0', 36.3, '口罩辨識截圖'),
('15086', 'D102', 'P005', '2020-11-23 18:36:20', '0', '1', '0', 39.3, '口罩辨識截圖'),
('15108', 'D008', 'P005', '2020-11-23 18:36:45', '0', '0', '1', 39.1, '口罩辨識截圖');

-- --------------------------------------------------------

--
-- 資料表結構 `person_profile`
--

DROP TABLE IF EXISTS `person_profile`;
CREATE TABLE IF NOT EXISTS `person_profile` (
  `pid` varchar(10) NOT NULL,
  `pNum` varchar(10) NOT NULL,
  `cardId` varchar(10) NOT NULL,
  `name` varchar(10) NOT NULL,
  `suUnitId` int(11) NOT NULL,
  `unitId` int(11) NOT NULL,
  `occupation` varchar(10) NOT NULL,
  `profileImage` varchar(170) DEFAULT NULL,
  PRIMARY KEY (`pid`)
) ENGINE=MyISAM DEFAULT CHARSET=utf8;

--
-- 傾印資料表的資料 `person_profile`
--

INSERT INTO `person_profile` (`pid`, `pNum`, `cardId`, `name`, `suUnitId`, `unitId`, `occupation`, `profileImage`) VALUES
('P001', 'P001', 'P001', '林舒涵', 1, 2, '監督人員', 'https://images.generated.photos/hnGNWPP5v0-TDG3CHrp0P8WLVOZN7yj6VnbQIGzMrYI/rs:fit:512:512/Z3M6Ly9nZW5lcmF0/ZWQtcGhvdG9zL3Yz/XzAzNDQ1MDlfMDMz/NDI3NF8wNjQ5NTc3/LmpwZw.jpg'),
('P002', 'P002', 'P0012', '黃淑禾', 2, 3, '泥作人員', 'https://images.generated.photos/0vkTI0o0h94yUVS77zRZ7uXBpS-o-DGzGuHsSNhv_QQ/rs:fit:512:512/Z3M6Ly9nZW5lcmF0/ZWQtcGhvdG9zL3Yz/XzAxMjUyNjNfMDg3/MzE4OF8wNDYwOTA4/LmpwZw.jpg'),
('P003', 'P003', 'P0002', '謝孟凡', 2, 3, '營建工程技術員', 'https://images.generated.photos/9O4gwpN5dGY-CnXUaKEPqDYniQ-tPkO4pWf7hMMZF6k/rs:fit:512:512/Z3M6Ly9nZW5lcmF0/ZWQtcGhvdG9zL3Yz/XzAwMzk0NjJfMDIw/MTc4OF8wODExMDQ5/LmpwZw.jpg'),
('P004', 'P004', 'P0022', '張家彥', 1, 2, '鋼筋彎紮人員', 'https://images.generated.photos/Tq07rHyOTBDv_QYM30EEOzpCpPmEkzzz4LIBilci6hY/rs:fit:512:512/Z3M6Ly9nZW5lcmF0/ZWQtcGhvdG9zL3Yz/XzAwMzk0NjJfMDIw/MTc4OF8wOTM0NTk5/LmpwZw.jpg'),
('P005', 'P005', 'P0123', '沈怡婷', 1, 2, '管道裝修人員', 'https://images.generated.photos/nvbr9LaZ1Lp1_fFe2VqGMCeq4sKKWQmtWyhQqoXFSAM/rs:fit:512:512/Z3M6Ly9nZW5lcmF0/ZWQtcGhvdG9zL3Yz/XzA3MDYzNDFfMDE2/Mjg2OV8wNDk3NDA3/LmpwZw.jpg'),
('P006', 'P006', 'P0063', '陳金軒', 1, 2, '監督人員', 'https://images.generated.photos/qauXPcsSAO58sP1-pZRTIa5trNpxcjF0Mb3E2CyG1tI/rs:fit:512:512/Z3M6Ly9nZW5lcmF0/ZWQtcGhvdG9zL3Yz/XzA3NTUyMDFfMDUx/ODM1NF8wOTc5NTY5/LmpwZw.jpg'),
('P007', 'P007', 'P0010', '張宗旭', 2, 3, '泥作人員', 'https://images.generated.photos/L5PMVbSCuGrMqszfzoC0Gq5FMB7rzsRZ6sPp5MJjzws/rs:fit:512:512/Z3M6Ly9nZW5lcmF0/ZWQtcGhvdG9zL3Yz/XzAzNjg0NTZfMDA3/MDU3OV8wMDAwNzAw/LmpwZw.jpg'),
('P008', 'P008', 'P0032', '馬政廷', 2, 3, '泥作人員', 'https://images.generated.photos/oK_dnRbWLtHNxLoM9fkmSWflaMaML17idIis0Ii0Ppg/rs:fit:512:512/Z3M6Ly9nZW5lcmF0/ZWQtcGhvdG9zL3Yz/XzAzMDcwOTdfMDg2/MDU2M18wMDAyNzMz/LmpwZw.jpg'),
('P009', 'P009', 'P0101', '郭世豪', 1, 2, '營建工程技術員', 'https://images.generated.photos/m0FfjWHqtaqT_Zi2_5cO75WUEVYMjKj93DyIoKwdYOU/rs:fit:512:512/Z3M6Ly9nZW5lcmF0/ZWQtcGhvdG9zL3Yz/XzAyNjE5MjZfMDY3/MDM5N18wMDcwNTc5/LmpwZw.jpg'),
('P010', 'P010', 'P0103', '王妍嘉', 1, 2, '監督人員', 'https://images.generated.photos/MEyDUygUgT2c7OxfO1SqGn0tILSjLK8a3f76dNC8yFA/rs:fit:512:512/Z3M6Ly9nZW5lcmF0/ZWQtcGhvdG9zL3Yz/XzAwOTMwMjlfMDIz/NzIxMV8wNzYwODI2/LmpwZw.jpg');

-- --------------------------------------------------------

--
-- 資料表結構 `person_worktime_record`
--

DROP TABLE IF EXISTS `person_worktime_record`;
CREATE TABLE IF NOT EXISTS `person_worktime_record` (
  `uuid` varchar(10) NOT NULL,
  `personID` varchar(10) NOT NULL,
  `startTime` datetime NOT NULL,
  `endTime` datetime DEFAULT NULL,
  `workTime` varchar(20) DEFAULT NULL,
  `unit` int(11) NOT NULL,
  PRIMARY KEY (`uuid`)
) ENGINE=MyISAM DEFAULT CHARSET=utf8;

--
-- 傾印資料表的資料 `person_worktime_record`
--

INSERT INTO `person_worktime_record` (`uuid`, `personID`, `startTime`, `endTime`, `workTime`, `unit`) VALUES
('5', 'P001', '2020-11-23 13:25:54', '2020-11-23 13:29:37', '223', 2),
('7', 'P005', '2020-11-23 13:26:35', NULL, NULL, 2),
('8', 'P005', '2020-11-23 13:26:58', '2020-11-23 13:38:43', '705', 2),
('34', 'P003', '2020-11-23 13:29:22', NULL, NULL, 3),
('35', 'P004', '2020-11-23 13:29:25', NULL, NULL, 2),
('37', 'P003', '2020-11-23 13:29:35', NULL, NULL, 3),
('41', 'P001', '2020-11-23 13:29:49', '2020-11-23 13:30:51', '62', 2),
('44', 'P004', '2020-11-23 13:30:08', NULL, NULL, 2),
('64', 'P001', '2020-11-23 13:31:49', NULL, NULL, 2),
('69', 'P002', '2020-11-23 13:32:09', '2020-11-23 13:38:06', '357', 3),
('71', 'P004', '2020-11-23 13:32:19', '2020-11-23 13:32:28', '9', 2),
('78', 'P004', '2020-11-23 13:32:44', NULL, NULL, 2),
('81', 'P004', '2020-11-23 13:32:54', NULL, NULL, 2),
('91', 'P003', '2020-11-23 13:33:26', '2020-11-23 13:33:49', '23', 3),
('98', 'P004', '2020-11-23 13:34:05', NULL, NULL, 2),
('102', 'P003', '2020-11-23 13:34:25', NULL, NULL, 3),
('114', 'P001', '2020-11-23 13:35:10', NULL, NULL, 2),
('122', 'P003', '2020-11-23 13:35:47', '2020-11-23 13:36:11', '24', 3),
('127', 'P001', '2020-11-23 13:36:08', '2020-11-23 13:36:12', '4', 2),
('135', 'P001', '2020-11-23 13:36:40', NULL, NULL, 2),
('142', 'P003', '2020-11-23 13:37:03', NULL, NULL, 3),
('148', 'P001', '2020-11-23 13:37:24', '2020-11-23 13:37:41', '17', 2),
('164', 'P001', '2020-11-23 13:38:17', '2020-11-23 13:42:00', '223', 2),
('166', 'P004', '2020-11-23 13:38:21', NULL, NULL, 2),
('173', 'P004', '2020-11-23 13:38:53', '2020-11-23 13:39:23', '30', 2),
('186', 'P003', '2020-11-23 13:39:50', '2020-11-23 13:40:00', '10', 3),
('191', 'P003', '2020-11-23 13:40:04', '2020-11-23 13:42:09', '125', 3),
('192', 'P005', '2020-11-23 13:40:05', '2020-11-23 13:40:26', '21', 2),
('198', 'P005', '2020-11-23 13:40:37', NULL, NULL, 2),
('202', 'P005', '2020-11-23 13:40:53', NULL, NULL, 2),
('214', 'P005', '2020-11-23 13:41:46', '2020-11-23 13:42:25', '39', 2),
('232', 'P002', '2020-11-23 13:42:48', NULL, NULL, 3),
('237', 'P002', '2020-11-23 13:43:08', NULL, NULL, 3),
('241', 'P003', '2020-11-23 13:43:32', '2020-11-23 13:44:43', '71', 3),
('243', 'P004', '2020-11-23 13:43:39', '2020-11-23 13:52:31', '532', 2),
('253', 'P001', '2020-11-23 13:44:07', '2020-11-23 13:44:27', '20', 2),
('265', 'P003', '2020-11-23 13:44:47', NULL, NULL, 3),
('274', 'P005', '2020-11-23 13:45:20', NULL, NULL, 2),
('276', 'P001', '2020-11-23 13:45:30', NULL, NULL, 2),
('279', 'P001', '2020-11-23 13:45:42', NULL, NULL, 2),
('284', 'P002', '2020-11-23 13:45:55', '2020-11-23 13:46:23', '28', 3),
('288', 'P003', '2020-11-23 13:46:06', NULL, NULL, 3),
('296', 'P005', '2020-11-23 13:46:45', '2020-11-23 13:56:55', '610', 2),
('299', 'P003', '2020-11-23 13:47:00', NULL, NULL, 3),
('306', 'P002', '2020-11-23 13:47:38', '2020-11-23 13:50:15', '157', 3),
('321', 'P001', '2020-11-23 13:48:22', NULL, NULL, 2),
('323', 'P003', '2020-11-23 13:48:26', '2020-11-23 13:49:00', '34', 3),
('328', 'P001', '2020-11-23 13:48:45', NULL, NULL, 2),
('338', 'P001', '2020-11-23 13:49:26', '2020-11-23 13:54:05', '279', 2),
('343', 'P003', '2020-11-23 13:49:44', '2020-11-23 13:50:33', '49', 3),
('367', 'P003', '2020-11-23 13:51:22', '2020-11-23 13:51:49', '27', 3),
('387', 'P003', '2020-11-23 13:52:22', NULL, NULL, 3),
('404', 'P002', '2020-11-23 13:53:20', NULL, NULL, 3),
('409', 'P002', '2020-11-23 13:53:46', '2020-11-23 13:54:20', '34', 3),
('427', 'P002', '2020-11-23 13:54:44', NULL, NULL, 3),
('433', 'P001', '2020-11-23 13:55:05', '2020-11-23 13:59:11', '246', 2),
('444', 'P002', '2020-11-23 13:55:57', NULL, NULL, 3),
('448', 'P003', '2020-11-23 13:56:18', NULL, NULL, 3),
('453', 'P003', '2020-11-23 13:56:28', '2020-11-23 13:56:54', '26', 3),
('463', 'P002', '2020-11-23 13:56:59', '2020-11-23 13:58:38', '99', 3),
('469', 'P004', '2020-11-23 13:57:28', NULL, NULL, 2),
('474', 'P003', '2020-11-23 13:57:46', NULL, NULL, 3),
('502', 'P004', '2020-11-23 13:59:29', NULL, NULL, 2),
('505', 'P004', '2020-11-23 13:59:34', '2020-11-23 13:59:37', '3', 2),
('510', 'P002', '2020-11-23 13:59:52', NULL, NULL, 3),
('515', 'P005', '2020-11-23 14:00:05', '2020-11-23 14:00:46', '41', 2),
('519', 'P003', '2020-11-23 14:00:23', '2020-11-23 14:01:01', '38', 3),
('528', 'P004', '2020-11-23 14:00:48', '2020-11-23 14:01:31', '43', 2),
('539', 'P003', '2020-11-23 14:01:20', NULL, NULL, 3),
('546', 'P003', '2020-11-23 14:01:40', NULL, NULL, 3),
('550', 'P001', '2020-11-23 14:01:50', '2020-11-23 14:02:01', '11', 2),
('552', 'P003', '2020-11-23 14:01:58', '2020-11-23 14:09:02', '424', 3),
('564', 'P005', '2020-11-23 14:02:28', '2020-11-23 14:03:52', '84', 2),
('569', 'P004', '2020-11-23 14:02:43', '2020-11-23 14:06:37', '234', 2),
('578', 'P001', '2020-11-23 14:03:05', NULL, NULL, 2),
('595', 'P005', '2020-11-23 14:04:00', '2020-11-23 14:04:21', '21', 2),
('623', 'P002', '2020-11-23 14:05:18', '2020-11-23 14:07:50', '152', 3),
('633', 'P001', '2020-11-23 14:05:43', '2020-11-23 14:06:17', '34', 2),
('636', 'P005', '2020-11-23 14:05:52', '2020-11-23 14:06:49', '57', 2),
('655', 'P001', '2020-11-23 14:06:50', NULL, NULL, 2),
('660', 'P004', '2020-11-23 14:07:06', NULL, NULL, 2),
('662', 'P004', '2020-11-23 14:07:10', NULL, NULL, 2),
('668', 'P004', '2020-11-23 14:07:32', NULL, NULL, 2),
('679', 'P004', '2020-11-23 14:07:57', NULL, NULL, 2),
('688', 'P004', '2020-11-23 14:08:25', NULL, NULL, 2),
('697', 'P005', '2020-11-23 14:08:49', NULL, NULL, 2),
('705', 'P001', '2020-11-23 14:09:08', NULL, NULL, 2),
('707', 'P003', '2020-11-23 14:09:17', NULL, NULL, 3),
('716', 'P002', '2020-11-23 14:09:44', NULL, NULL, 3),
('724', 'P002', '2020-11-23 14:10:11', '2020-11-23 14:11:56', '105', 3),
('731', 'P004', '2020-11-23 14:10:28', '2020-11-23 14:11:07', '39', 2),
('732', 'P003', '2020-11-23 14:10:33', NULL, NULL, 3),
('743', 'P001', '2020-11-23 14:10:50', NULL, NULL, 2),
('752', 'P001', '2020-11-23 14:11:08', '2020-11-23 14:11:13', '5', 2),
('761', 'P004', '2020-11-23 14:11:32', '2020-11-23 14:12:23', '51', 2),
('772', 'P003', '2020-11-23 14:12:00', '2020-11-23 14:18:12', '372', 3),
('777', 'P002', '2020-11-23 14:12:14', '2020-11-23 14:14:31', '137', 3),
('787', 'P001', '2020-11-23 14:12:46', NULL, NULL, 2),
('791', 'P001', '2020-11-23 14:12:58', NULL, NULL, 2),
('797', 'P005', '2020-11-23 14:13:09', '2020-11-23 14:15:38', '149', 2),
('801', 'P004', '2020-11-23 14:13:20', NULL, NULL, 2),
('809', 'P001', '2020-11-23 14:13:44', '2020-11-23 14:15:19', '95', 2),
('865', 'P005', '2020-11-23 14:15:53', NULL, NULL, 2),
('870', 'P002', '2020-11-23 14:16:01', '2020-11-23 14:17:13', '72', 3),
('888', 'P005', '2020-11-23 14:16:41', NULL, NULL, 2),
('897', 'P004', '2020-11-23 14:17:02', '2020-11-23 14:19:23', '141', 2),
('919', 'P002', '2020-11-23 14:17:42', NULL, NULL, 3),
('937', 'P001', '2020-11-23 14:18:28', NULL, NULL, 2),
('943', 'P003', '2020-11-23 14:18:47', NULL, NULL, 3),
('965', 'P002', '2020-11-23 14:19:31', '2020-11-23 14:32:20', '769', 3),
('977', 'P003', '2020-11-23 14:19:58', '2020-11-23 14:23:17', '199', 3),
('981', 'P005', '2020-11-23 14:20:04', NULL, NULL, 2),
('992', 'P005', '2020-11-23 14:20:33', '2020-11-23 14:21:51', '78', 2),
('1001', 'P001', '2020-11-23 14:21:02', '2020-11-23 14:23:38', '156', 2),
('1035', 'P005', '2020-11-23 14:22:15', '2020-11-23 14:30:09', '474', 2),
('1049', 'P004', '2020-11-23 14:22:47', NULL, NULL, 2),
('1056', 'P004', '2020-11-23 14:23:03', NULL, NULL, 2),
('1077', 'P001', '2020-11-23 14:23:45', NULL, NULL, 2),
('1081', 'P004', '2020-11-23 14:23:52', '2020-11-23 14:28:26', '274', 2),
('1094', 'P001', '2020-11-23 14:24:22', '2020-11-23 14:29:40', '318', 2),
('1142', 'P003', '2020-11-23 14:25:50', NULL, NULL, 3),
('1157', 'P003', '2020-11-23 14:26:15', '2020-11-23 14:29:36', '201', 3),
('1342', 'P001', '2020-11-23 14:30:28', NULL, NULL, 2),
('1367', 'P003', '2020-11-23 14:30:56', NULL, NULL, 3),
('1373', 'P001', '2020-11-23 14:30:58', '2020-11-23 14:38:56', '478', 2),
('1374', 'P004', '2020-11-23 14:30:58', '2020-11-23 14:31:02', '4', 2),
('1388', 'P005', '2020-11-23 14:31:18', NULL, NULL, 2),
('1409', 'P004', '2020-11-23 14:31:44', NULL, NULL, 2),
('1414', 'P004', '2020-11-23 14:31:51', NULL, NULL, 2),
('1419', 'P005', '2020-11-23 14:32:00', NULL, NULL, 2),
('1460', 'P004', '2020-11-23 14:32:49', '2020-11-23 14:32:54', '5', 2),
('1486', 'P004', '2020-11-23 14:33:15', NULL, NULL, 2),
('1488', 'P005', '2020-11-23 14:33:15', NULL, NULL, 2),
('1501', 'P004', '2020-11-23 14:33:33', NULL, NULL, 2),
('1509', 'P002', '2020-11-23 14:33:39', '2020-11-23 14:35:01', '82', 3),
('1537', 'P004', '2020-11-23 14:34:12', NULL, NULL, 2),
('1563', 'P004', '2020-11-23 14:34:42', '2020-11-23 14:42:22', '460', 2),
('1601', 'P005', '2020-11-23 14:35:26', '2020-11-23 14:37:12', '106', 2),
('1655', 'P002', '2020-11-23 14:36:23', NULL, NULL, 3),
('1672', 'P003', '2020-11-23 14:36:49', '2020-11-23 14:39:45', '176', 3),
('1677', 'P002', '2020-11-23 14:36:55', '2020-11-23 14:37:52', '57', 3),
('1771', 'P005', '2020-11-23 14:38:50', '2020-11-23 14:45:36', '406', 2),
('1787', 'P002', '2020-11-23 14:39:09', '2020-11-23 14:41:57', '168', 3),
('1793', 'P001', '2020-11-23 14:39:14', NULL, NULL, 2),
('1797', 'P001', '2020-11-23 14:39:25', NULL, NULL, 2),
('1872', 'P001', '2020-11-23 14:40:47', '2020-11-23 14:41:28', '41', 2),
('1942', 'P001', '2020-11-23 14:41:59', NULL, NULL, 2),
('1971', 'P003', '2020-11-23 14:42:30', '2020-11-23 14:44:42', '132', 3),
('1991', 'P002', '2020-11-23 14:42:55', '2020-11-23 14:50:32', '457', 3),
('2036', 'P001', '2020-11-23 14:43:42', NULL, NULL, 2),
('2055', 'P001', '2020-11-23 14:44:06', '2020-11-23 14:44:14', '8', 2),
('2075', 'P001', '2020-11-23 14:44:26', NULL, NULL, 2),
('2105', 'P004', '2020-11-23 14:44:56', '2020-11-23 14:45:12', '16', 2),
('2160', 'P005', '2020-11-23 14:45:57', NULL, NULL, 2),
('2167', 'P004', '2020-11-23 14:46:02', NULL, NULL, 2),
('2199', 'P004', '2020-11-23 14:46:31', NULL, NULL, 2),
('2229', 'P003', '2020-11-23 14:46:58', '2020-11-23 14:48:02', '64', 3),
('2250', 'P005', '2020-11-23 14:47:22', NULL, NULL, 2),
('2267', 'P005', '2020-11-23 14:47:41', NULL, NULL, 2),
('2302', 'P004', '2020-11-23 14:48:14', '2020-11-23 14:54:04', '350', 2),
('2342', 'P001', '2020-11-23 14:48:57', NULL, NULL, 2),
('2358', 'P003', '2020-11-23 14:49:17', '2020-11-23 14:52:49', '212', 3),
('2360', 'P001', '2020-11-23 14:49:18', NULL, NULL, 2),
('2386', 'P001', '2020-11-23 14:49:46', '2020-11-23 14:49:52', '6', 2),
('2460', 'P002', '2020-11-23 14:51:01', NULL, NULL, 3),
('2473', 'P002', '2020-11-23 14:51:16', NULL, NULL, 3),
('2481', 'P005', '2020-11-23 14:51:25', '2020-11-23 14:52:20', '55', 2),
('2491', 'P002', '2020-11-23 14:51:36', '2020-11-23 15:01:32', '596', 3),
('2509', 'P001', '2020-11-23 14:51:54', '2020-11-23 15:01:19', '565', 2),
('2601', 'P005', '2020-11-23 14:53:30', '2020-11-23 14:53:42', '12', 2),
('2650', 'P005', '2020-11-23 14:54:26', NULL, NULL, 2),
('2659', 'P003', '2020-11-23 14:54:32', NULL, NULL, 3),
('2678', 'P005', '2020-11-23 14:54:56', NULL, NULL, 2),
('2701', 'P003', '2020-11-23 14:55:20', '2020-11-23 14:56:29', '69', 3),
('2732', 'P004', '2020-11-23 14:55:57', '2020-11-23 14:56:00', '3', 2),
('2752', 'P005', '2020-11-23 14:56:16', '2020-11-23 14:57:57', '101', 2),
('2799', 'P004', '2020-11-23 14:57:02', '2020-11-23 14:58:39', '97', 2),
('2863', 'P003', '2020-11-23 14:58:20', '2020-11-23 15:01:30', '190', 3),
('2873', 'P005', '2020-11-23 14:58:28', NULL, NULL, 2),
('2902', 'P004', '2020-11-23 14:59:06', NULL, NULL, 2),
('2923', 'P005', '2020-11-23 14:59:30', NULL, NULL, 2),
('2926', 'P004', '2020-11-23 14:59:34', NULL, NULL, 2),
('2951', 'P005', '2020-11-23 14:59:54', '2020-11-23 15:01:14', '80', 2),
('2972', 'P004', '2020-11-23 15:00:18', '2020-11-23 15:01:58', '100', 2),
('3082', 'P001', '2020-11-23 15:02:08', '2020-11-23 15:08:52', '404', 2),
('3101', 'P004', '2020-11-23 15:02:32', '2020-11-23 15:10:20', '468', 2),
('3132', 'P003', '2020-11-23 15:03:00', '2020-11-23 15:04:28', '88', 3),
('3158', 'P002', '2020-11-23 15:03:25', NULL, NULL, 3),
('3231', 'P002', '2020-11-23 15:04:48', '2020-11-23 15:07:03', '135', 3),
('3245', 'P003', '2020-11-23 15:04:59', NULL, NULL, 3),
('3267', 'P003', '2020-11-23 15:05:23', '2020-11-23 15:08:20', '177', 3),
('3310', 'P005', '2020-11-23 15:06:08', '2020-11-23 15:08:36', '148', 2),
('3464', 'P005', '2020-11-23 15:09:04', '2020-11-23 15:12:56', '232', 2),
('3489', 'P001', '2020-11-23 15:09:27', NULL, NULL, 2),
('3524', 'P001', '2020-11-23 15:09:55', '2020-11-23 15:12:45', '170', 2),
('3553', 'P002', '2020-11-23 15:10:30', '2020-11-23 15:11:06', '36', 3),
('3595', 'P002', '2020-11-23 15:11:24', NULL, NULL, 3),
('3611', 'P002', '2020-11-23 15:11:39', NULL, NULL, 3),
('3629', 'P004', '2020-11-23 15:11:58', '2020-11-23 15:12:13', '15', 2),
('3651', 'P002', '2020-11-23 15:12:18', '2020-11-23 15:12:59', '41', 3),
('3667', 'P003', '2020-11-23 15:12:41', NULL, NULL, 3),
('3706', 'P005', '2020-11-23 15:13:18', NULL, NULL, 2),
('3712', 'P002', '2020-11-23 15:13:24', NULL, NULL, 3),
('3732', 'P001', '2020-11-23 15:13:46', '2020-11-23 15:14:20', '34', 2),
('3757', 'P005', '2020-11-23 15:14:14', NULL, NULL, 2),
('3792', 'P002', '2020-11-23 15:14:46', '2020-11-23 15:17:46', '180', 3),
('3793', 'P001', '2020-11-23 15:14:48', NULL, NULL, 2),
('3798', 'P003', '2020-11-23 15:14:52', '2020-11-23 15:18:11', '199', 3),
('3803', 'P001', '2020-11-23 15:14:57', NULL, NULL, 2),
('3819', 'P001', '2020-11-23 15:15:13', NULL, NULL, 2),
('3841', 'P001', '2020-11-23 15:15:38', NULL, NULL, 2),
('3884', 'P004', '2020-11-23 15:16:24', NULL, NULL, 2),
('3906', 'P005', '2020-11-23 15:16:51', NULL, NULL, 2),
('3948', 'P001', '2020-11-23 15:17:34', NULL, NULL, 2),
('3979', 'P004', '2020-11-23 15:18:07', '2020-11-23 15:18:36', '29', 2),
('3980', 'P005', '2020-11-23 15:18:09', NULL, NULL, 2),
('3989', 'P005', '2020-11-23 15:18:14', '2020-11-23 15:18:53', '39', 2),
('4002', 'P001', '2020-11-23 15:18:26', NULL, NULL, 2),
('4048', 'P001', '2020-11-23 15:19:15', NULL, NULL, 2),
('4057', 'P003', '2020-11-23 15:19:26', '2020-11-23 15:23:02', '216', 3),
('4083', 'P005', '2020-11-23 15:19:55', NULL, NULL, 2),
('4093', 'P004', '2020-11-23 15:20:07', '2020-11-23 15:23:52', '225', 2),
('4177', 'P002', '2020-11-23 15:21:41', NULL, NULL, 3),
('4200', 'P002', '2020-11-23 15:22:07', '2020-11-23 15:27:40', '333', 3),
('4216', 'P005', '2020-11-23 15:22:28', NULL, NULL, 2),
('4232', 'P001', '2020-11-23 15:22:45', NULL, NULL, 2),
('4253', 'P005', '2020-11-23 15:23:17', '2020-11-23 15:24:27', '70', 2),
('4269', 'P001', '2020-11-23 15:23:35', '2020-11-23 15:30:34', '419', 2),
('4270', 'P003', '2020-11-23 15:23:35', NULL, NULL, 3),
('4286', 'P003', '2020-11-23 15:23:51', NULL, NULL, 3),
('4296', 'P004', '2020-11-23 15:24:01', NULL, NULL, 2),
('4340', 'P003', '2020-11-23 15:24:47', '2020-11-23 15:30:41', '354', 3),
('4350', 'P005', '2020-11-23 15:24:58', '2020-11-23 15:27:08', '130', 2),
('4382', 'P004', '2020-11-23 15:25:33', '2020-11-23 15:25:44', '11', 2),
('4425', 'P004', '2020-11-23 15:26:18', NULL, NULL, 2),
('4492', 'P004', '2020-11-23 15:27:30', NULL, NULL, 2),
('4518', 'P005', '2020-11-23 15:27:59', NULL, NULL, 2),
('4536', 'P004', '2020-11-23 15:28:23', '2020-11-23 15:29:09', '46', 2),
('4551', 'P002', '2020-11-23 15:28:35', NULL, NULL, 3),
('4581', 'P002', '2020-11-23 15:29:08', '2020-11-23 15:29:59', '51', 3),
('4596', 'P005', '2020-11-23 15:29:30', NULL, NULL, 2),
('4650', 'P002', '2020-11-23 15:30:25', NULL, NULL, 3),
('4691', 'P005', '2020-11-23 15:31:09', '2020-11-23 15:32:24', '75', 2),
('4717', 'P003', '2020-11-23 15:31:33', NULL, NULL, 3),
('4725', 'P001', '2020-11-23 15:31:43', NULL, NULL, 2),
('4750', 'P001', '2020-11-23 15:32:10', NULL, NULL, 2),
('4769', 'P001', '2020-11-23 15:32:27', '2020-11-23 15:35:06', '159', 2),
('4794', 'P003', '2020-11-23 15:32:48', NULL, NULL, 3),
('4799', 'P003', '2020-11-23 15:32:52', '2020-11-23 15:34:27', '95', 3),
('4817', 'P005', '2020-11-23 15:33:12', NULL, NULL, 2),
('4827', 'P005', '2020-11-23 15:33:24', NULL, NULL, 2),
('4860', 'P005', '2020-11-23 15:33:55', '2020-11-23 15:39:48', '353', 2),
('4870', 'P004', '2020-11-23 15:34:15', NULL, NULL, 2),
('4895', 'P004', '2020-11-23 15:34:38', NULL, NULL, 2),
('4929', 'P003', '2020-11-23 15:35:19', '2020-11-23 15:43:42', '503', 3),
('4936', 'P001', '2020-11-23 15:35:25', NULL, NULL, 2),
('4963', 'P004', '2020-11-23 15:35:58', '2020-11-23 15:46:12', '614', 2),
('4999', 'P001', '2020-11-23 15:36:39', NULL, NULL, 2),
('5024', 'P002', '2020-11-23 15:37:01', NULL, NULL, 3),
('5031', 'P002', '2020-11-23 15:37:11', NULL, NULL, 3),
('5048', 'P002', '2020-11-23 15:37:27', '2020-11-23 15:38:55', '88', 3),
('5114', 'P001', '2020-11-23 15:38:36', '2020-11-23 15:44:37', '361', 2),
('5190', 'P005', '2020-11-23 15:40:01', '2020-11-23 15:40:33', '32', 2),
('5245', 'P002', '2020-11-23 15:40:59', NULL, NULL, 3),
('5257', 'P005', '2020-11-23 15:41:15', NULL, NULL, 2),
('5264', 'P005', '2020-11-23 15:41:26', '2020-11-23 15:46:21', '295', 2),
('5280', 'P002', '2020-11-23 15:41:41', NULL, NULL, 3),
('5337', 'P002', '2020-11-23 15:42:40', '2020-11-23 15:44:30', '110', 3),
('5447', 'P002', '2020-11-23 15:44:41', '2020-11-23 15:48:12', '211', 3),
('5449', 'P001', '2020-11-23 15:44:42', '2020-11-23 15:45:44', '62', 2),
('5566', 'P004', '2020-11-23 15:46:41', NULL, NULL, 2),
('5581', 'P004', '2020-11-23 15:47:00', NULL, NULL, 2),
('5612', 'P005', '2020-11-23 15:47:35', NULL, NULL, 2),
('5625', 'P005', '2020-11-23 15:47:50', '2020-11-23 15:52:04', '254', 2),
('5660', 'P001', '2020-11-23 15:48:27', '2020-11-23 15:48:56', '29', 2),
('5664', 'P004', '2020-11-23 15:48:29', '2020-11-23 15:49:54', '85', 2),
('5683', 'P002', '2020-11-23 15:48:46', NULL, NULL, 3),
('5702', 'P003', '2020-11-23 15:49:06', '2020-11-23 15:54:07', '301', 3),
('5705', 'P001', '2020-11-23 15:49:07', NULL, NULL, 2),
('5759', 'P001', '2020-11-23 15:50:11', '2020-11-23 15:50:37', '26', 2),
('5775', 'P002', '2020-11-23 15:50:25', NULL, NULL, 3),
('5797', 'P001', '2020-11-23 15:50:48', '2020-11-23 15:57:09', '381', 2),
('5821', 'P002', '2020-11-23 15:51:13', '2020-11-23 15:54:31', '198', 3),
('5830', 'P004', '2020-11-23 15:51:29', NULL, NULL, 2),
('5843', 'P004', '2020-11-23 15:51:39', '2020-11-23 15:55:42', '243', 2),
('5870', 'P005', '2020-11-23 15:52:10', '2020-11-23 15:52:25', '15', 2),
('5936', 'P005', '2020-11-23 15:53:23', '2020-11-23 15:53:24', '1', 2),
('5999', 'P003', '2020-11-23 15:54:33', '2020-11-23 15:59:08', '275', 3),
('6004', 'P002', '2020-11-23 15:54:41', '2020-11-23 15:55:13', '32', 3),
('6062', 'P005', '2020-11-23 15:55:51', '2020-11-23 15:59:05', '194', 2),
('6123', 'P002', '2020-11-23 15:57:03', NULL, NULL, 3),
('6144', 'P002', '2020-11-23 15:57:24', '2020-11-23 15:58:15', '51', 3),
('6207', 'P001', '2020-11-23 15:58:37', NULL, NULL, 2),
('6262', 'P005', '2020-11-23 15:59:24', '2020-11-23 16:01:55', '151', 2),
('6269', 'P002', '2020-11-23 15:59:30', NULL, NULL, 3),
('6275', 'P002', '2020-11-23 15:59:38', '2020-11-23 16:00:49', '71', 3),
('6287', 'P003', '2020-11-23 15:59:51', NULL, NULL, 3),
('6296', 'P003', '2020-11-23 15:59:59', NULL, NULL, 3),
('6317', 'P004', '2020-11-23 16:00:24', '2020-11-23 16:02:21', '117', 2),
('6335', 'P003', '2020-11-23 16:00:46', NULL, NULL, 3),
('6364', 'P001', '2020-11-23 16:01:17', NULL, NULL, 2),
('6383', 'P001', '2020-11-23 16:01:40', NULL, NULL, 2),
('6402', 'P005', '2020-11-23 16:02:05', '2020-11-23 16:02:47', '42', 2),
('6412', 'P001', '2020-11-23 16:02:17', '2020-11-23 16:04:45', '148', 2),
('6450', 'P002', '2020-11-23 16:03:02', '2020-11-23 16:04:06', '64', 3),
('6461', 'P005', '2020-11-23 16:03:13', NULL, NULL, 2),
('6470', 'P004', '2020-11-23 16:03:27', NULL, NULL, 2),
('6483', 'P004', '2020-11-23 16:03:39', NULL, NULL, 2),
('6522', 'P004', '2020-11-23 16:04:17', '2020-11-23 16:04:58', '41', 2),
('6547', 'P001', '2020-11-23 16:04:47', '2020-11-23 16:12:51', '484', 2),
('6579', 'P004', '2020-11-23 16:05:20', '2020-11-23 16:06:47', '87', 2),
('6616', 'P005', '2020-11-23 16:05:57', '2020-11-23 16:07:11', '74', 2),
('6621', 'P002', '2020-11-23 16:06:02', NULL, NULL, 3),
('6662', 'P003', '2020-11-23 16:06:45', '2020-11-23 16:08:08', '83', 3),
('6677', 'P002', '2020-11-23 16:07:00', '2020-11-23 16:07:16', '16', 3),
('6716', 'P005', '2020-11-23 16:07:34', '2020-11-23 16:10:30', '176', 2),
('6726', 'P004', '2020-11-23 16:07:48', NULL, NULL, 2),
('6755', 'P003', '2020-11-23 16:08:16', NULL, NULL, 3),
('6777', 'P004', '2020-11-23 16:08:42', '2020-11-23 16:11:13', '151', 2),
('6827', 'P002', '2020-11-23 16:09:27', '2020-11-23 16:10:46', '79', 3),
('6857', 'P003', '2020-11-23 16:10:01', NULL, NULL, 3),
('6915', 'P005', '2020-11-23 16:11:04', NULL, NULL, 2),
('6951', 'P003', '2020-11-23 16:11:43', NULL, NULL, 3),
('6966', 'P005', '2020-11-23 16:11:55', '2020-11-23 16:17:09', '314', 2),
('7003', 'P003', '2020-11-23 16:12:36', NULL, NULL, 3),
('7019', 'P004', '2020-11-23 16:12:44', '2020-11-23 16:13:35', '51', 2),
('7047', 'P003', '2020-11-23 16:13:16', NULL, NULL, 3),
('7070', 'P002', '2020-11-23 16:13:39', NULL, NULL, 3),
('7080', 'P001', '2020-11-23 16:13:51', NULL, NULL, 2),
('7103', 'P003', '2020-11-23 16:14:12', '2020-11-23 16:18:17', '245', 3),
('7107', 'P001', '2020-11-23 16:14:15', NULL, NULL, 2),
('7130', 'P001', '2020-11-23 16:14:38', '2020-11-23 16:18:30', '232', 2),
('7147', 'P004', '2020-11-23 16:14:58', '2020-11-23 16:16:52', '114', 2),
('7158', 'P002', '2020-11-23 16:15:04', NULL, NULL, 3),
('7217', 'P002', '2020-11-23 16:16:05', '2020-11-23 16:16:17', '12', 3),
('7306', 'P002', '2020-11-23 16:17:45', NULL, NULL, 3),
('7328', 'P004', '2020-11-23 16:18:07', '2020-11-23 16:23:13', '306', 2),
('7376', 'P005', '2020-11-23 16:18:59', '2020-11-23 16:20:15', '76', 2),
('7405', 'P002', '2020-11-23 16:19:29', NULL, NULL, 3),
('7420', 'P001', '2020-11-23 16:19:47', '2020-11-23 16:21:55', '128', 2),
('7432', 'P002', '2020-11-23 16:20:02', '2020-11-23 16:29:10', '548', 3),
('7466', 'P003', '2020-11-23 16:20:38', NULL, NULL, 3),
('7494', 'P003', '2020-11-23 16:21:05', NULL, NULL, 3),
('7531', 'P005', '2020-11-23 16:21:45', NULL, NULL, 2),
('7537', 'P005', '2020-11-23 16:21:50', NULL, NULL, 2),
('7566', 'P003', '2020-11-23 16:22:24', '2020-11-23 16:22:31', '7', 3),
('7593', 'P005', '2020-11-23 16:22:49', NULL, NULL, 2),
('7648', 'P001', '2020-11-23 16:23:50', '2020-11-23 16:24:37', '47', 2),
('7658', 'P003', '2020-11-23 16:24:02', '2020-11-23 16:26:37', '155', 3),
('7700', 'P005', '2020-11-23 16:24:53', '2020-11-23 16:25:01', '8', 2),
('7729', 'P005', '2020-11-23 16:25:21', NULL, NULL, 2),
('7748', 'P001', '2020-11-23 16:25:39', '2020-11-23 16:25:57', '18', 2),
('7779', 'P001', '2020-11-23 16:26:14', '2020-11-23 16:26:16', '2', 2),
('7782', 'P004', '2020-11-23 16:26:14', NULL, NULL, 2),
('7801', 'P005', '2020-11-23 16:26:36', '2020-11-23 16:28:18', '102', 2),
('7823', 'P004', '2020-11-23 16:26:56', '2020-11-23 16:31:19', '263', 2),
('7844', 'P003', '2020-11-23 16:27:21', NULL, NULL, 3),
('7878', 'P001', '2020-11-23 16:28:06', NULL, NULL, 2),
('7916', 'P003', '2020-11-23 16:28:48', NULL, NULL, 3),
('7955', 'P003', '2020-11-23 16:29:30', NULL, NULL, 3),
('7980', 'P002', '2020-11-23 16:29:57', NULL, NULL, 3),
('7994', 'P001', '2020-11-23 16:30:20', '2020-11-23 16:31:21', '61', 2),
('8009', 'P003', '2020-11-23 16:30:33', '2020-11-23 16:31:44', '71', 3),
('8052', 'P002', '2020-11-23 16:31:13', '2020-11-23 16:38:21', '428', 3),
('8089', 'P004', '2020-11-23 16:31:53', '2020-11-23 16:34:19', '146', 2),
('8110', 'P003', '2020-11-23 16:32:11', NULL, NULL, 3),
('8135', 'P003', '2020-11-23 16:32:39', '2020-11-23 16:36:31', '232', 3),
('8168', 'P005', '2020-11-23 16:33:12', '2020-11-23 16:36:17', '185', 2),
('8182', 'P001', '2020-11-23 16:33:27', '2020-11-23 16:34:01', '34', 2),
('8254', 'P004', '2020-11-23 16:34:43', '2020-11-23 16:45:33', '650', 2),
('8289', 'P001', '2020-11-23 16:35:24', '2020-11-23 16:40:40', '316', 2),
('8388', 'P005', '2020-11-23 16:37:00', '2020-11-23 16:37:58', '58', 2),
('8434', 'P003', '2020-11-23 16:37:42', NULL, NULL, 3),
('8505', 'P005', '2020-11-23 16:39:05', '2020-11-23 16:41:38', '153', 2),
('8525', 'P002', '2020-11-23 16:39:24', '2020-11-23 16:39:52', '28', 3),
('8573', 'P003', '2020-11-23 16:40:18', '2020-11-23 16:41:52', '94', 3),
('8657', 'P002', '2020-11-23 16:42:00', '2020-11-23 16:43:51', '111', 3),
('8668', 'P005', '2020-11-23 16:42:09', '2020-11-23 16:42:32', '23', 2),
('8677', 'P001', '2020-11-23 16:42:18', NULL, NULL, 2),
('8713', 'P005', '2020-11-23 16:42:57', '2020-11-23 16:48:54', '357', 2),
('8727', 'P003', '2020-11-23 16:43:18', NULL, NULL, 3),
('8771', 'P002', '2020-11-23 16:44:09', '2020-11-23 16:46:34', '145', 3),
('8786', 'P001', '2020-11-23 16:44:27', '2020-11-23 16:45:01', '34', 2),
('8852', 'P001', '2020-11-23 16:45:41', NULL, NULL, 2),
('8871', 'P003', '2020-11-23 16:46:00', '2020-11-23 16:47:44', '104', 3),
('8892', 'P001', '2020-11-23 16:46:22', '2020-11-23 16:46:49', '27', 2),
('8905', 'P004', '2020-11-23 16:46:35', '2020-11-23 16:53:39', '424', 2),
('8922', 'P002', '2020-11-23 16:46:56', NULL, NULL, 3),
('8945', 'P002', '2020-11-23 16:47:20', '2020-11-23 16:50:20', '180', 3),
('8978', 'P003', '2020-11-23 16:47:53', '2020-11-23 16:48:02', '9', 3),
('9016', 'P003', '2020-11-23 16:48:29', '2020-11-23 16:53:10', '281', 3),
('9066', 'P005', '2020-11-23 16:49:18', '2020-11-23 16:49:46', '28', 2),
('9154', 'P002', '2020-11-23 16:50:53', '2020-11-23 16:51:04', '11', 3),
('9195', 'P005', '2020-11-23 16:51:35', NULL, NULL, 2),
('9201', 'P005', '2020-11-23 16:51:41', NULL, NULL, 2),
('9215', 'P002', '2020-11-23 16:51:56', NULL, NULL, 3),
('9236', 'P001', '2020-11-23 16:52:19', NULL, NULL, 2),
('9262', 'P005', '2020-11-23 16:52:41', NULL, NULL, 2),
('9266', 'P001', '2020-11-23 16:52:47', NULL, NULL, 2),
('9268', 'P005', '2020-11-23 16:52:48', NULL, NULL, 2),
('9337', 'P003', '2020-11-23 16:53:58', NULL, NULL, 3),
('9346', 'P002', '2020-11-23 16:54:07', '2020-11-23 16:55:52', '105', 3),
('9380', 'P001', '2020-11-23 16:54:45', NULL, NULL, 2),
('9383', 'P003', '2020-11-23 16:54:46', '2020-11-23 16:55:00', '14', 3),
('9419', 'P004', '2020-11-23 16:55:16', NULL, NULL, 2),
('9431', 'P003', '2020-11-23 16:55:32', '2020-11-23 16:55:33', '1', 3),
('9433', 'P004', '2020-11-23 16:55:33', '2020-11-23 17:03:26', '473', 2),
('9436', 'P005', '2020-11-23 16:55:34', '2020-11-23 16:58:32', '178', 2),
('9506', 'P002', '2020-11-23 16:56:54', '2020-11-23 16:57:46', '52', 3),
('9571', 'P001', '2020-11-23 16:58:05', NULL, NULL, 2),
('9615', 'P003', '2020-11-23 16:58:55', '2020-11-23 17:00:35', '100', 3),
('9639', 'P001', '2020-11-23 16:59:23', NULL, NULL, 2),
('9675', 'P002', '2020-11-23 16:59:56', NULL, NULL, 3),
('9683', 'P001', '2020-11-23 17:00:06', '2020-11-23 17:02:20', '134', 2),
('9717', 'P005', '2020-11-23 17:00:42', NULL, NULL, 2),
('9735', 'P002', '2020-11-23 17:01:01', NULL, NULL, 3),
('9750', 'P003', '2020-11-23 17:01:14', NULL, NULL, 3),
('9767', 'P003', '2020-11-23 17:01:33', NULL, NULL, 3),
('9770', 'P005', '2020-11-23 17:01:39', '2020-11-23 17:02:42', '63', 2),
('9773', 'P003', '2020-11-23 17:01:43', NULL, NULL, 3),
('9788', 'P003', '2020-11-23 17:01:55', NULL, NULL, 3),
('9847', 'P001', '2020-11-23 17:03:07', '2020-11-23 17:05:42', '155', 2),
('9873', 'P002', '2020-11-23 17:03:30', NULL, NULL, 3),
('9874', 'P002', '2020-11-23 17:03:34', '2020-11-23 17:05:25', '111', 3),
('9897', 'P004', '2020-11-23 17:03:59', '2020-11-23 17:06:09', '130', 2),
('9940', 'P003', '2020-11-23 17:04:48', NULL, NULL, 3),
('9952', 'P003', '2020-11-23 17:05:00', NULL, NULL, 3),
('10047', 'P004', '2020-11-23 17:06:33', NULL, NULL, 2),
('10063', 'P002', '2020-11-23 17:06:55', '2020-11-23 17:16:06', '551', 3),
('10081', 'P001', '2020-11-23 17:07:17', '2020-11-23 17:08:16', '59', 2),
('10105', 'P004', '2020-11-23 17:07:44', '2020-11-23 17:12:09', '265', 2),
('10155', 'P003', '2020-11-23 17:08:44', '2020-11-23 17:09:39', '55', 3),
('10159', 'P001', '2020-11-23 17:08:46', NULL, NULL, 2),
('10185', 'P001', '2020-11-23 17:09:19', NULL, NULL, 2),
('10234', 'P001', '2020-11-23 17:10:13', '2020-11-23 17:14:21', '248', 2),
('10246', 'P005', '2020-11-23 17:10:28', NULL, NULL, 2),
('10268', 'P003', '2020-11-23 17:10:48', NULL, NULL, 3),
('10302', 'P003', '2020-11-23 17:11:28', '2020-11-23 17:12:05', '37', 3),
('10323', 'P005', '2020-11-23 17:11:49', '2020-11-23 17:13:56', '127', 2),
('10417', 'P003', '2020-11-23 17:13:20', '2020-11-23 17:15:48', '148', 3),
('10468', 'P005', '2020-11-23 17:14:19', NULL, NULL, 2),
('10494', 'P005', '2020-11-23 17:14:50', '2020-11-23 17:14:53', '3', 2),
('10518', 'P001', '2020-11-23 17:15:19', NULL, NULL, 2),
('10525', 'P005', '2020-11-23 17:15:27', NULL, NULL, 2),
('10575', 'P003', '2020-11-23 17:16:18', '2020-11-23 17:17:09', '51', 3),
('10578', 'P002', '2020-11-23 17:16:23', NULL, NULL, 3),
('10630', 'P004', '2020-11-23 17:17:18', '2020-11-23 17:19:26', '128', 2),
('10645', 'P005', '2020-11-23 17:17:34', NULL, NULL, 2),
('10648', 'P003', '2020-11-23 17:17:38', NULL, NULL, 3),
('10676', 'P002', '2020-11-23 17:18:06', '2020-11-23 17:21:21', '195', 3),
('10704', 'P005', '2020-11-23 17:18:32', '2020-11-23 17:20:15', '103', 2),
('10740', 'P001', '2020-11-23 17:19:12', '2020-11-23 17:21:48', '156', 2),
('10768', 'P004', '2020-11-23 17:19:41', '2020-11-23 17:20:19', '38', 2),
('10786', 'P003', '2020-11-23 17:19:59', '2020-11-23 17:21:14', '75', 3),
('10814', 'P005', '2020-11-23 17:20:27', '2020-11-23 17:20:49', '22', 2),
('10874', 'P003', '2020-11-23 17:21:24', NULL, NULL, 3),
('10889', 'P003', '2020-11-23 17:21:43', NULL, NULL, 3),
('10917', 'P004', '2020-11-23 17:22:13', '2020-11-23 17:24:02', '109', 2),
('10945', 'P001', '2020-11-23 17:22:42', '2020-11-23 17:27:29', '287', 2),
('10957', 'P002', '2020-11-23 17:22:53', NULL, NULL, 3),
('10963', 'P003', '2020-11-23 17:22:59', '2020-11-23 17:26:47', '228', 3),
('10973', 'P002', '2020-11-23 17:23:10', '2020-11-23 17:25:26', '136', 3),
('10983', 'P005', '2020-11-23 17:23:23', NULL, NULL, 2),
('11038', 'P005', '2020-11-23 17:24:22', '2020-11-23 17:25:01', '39', 2),
('11087', 'P005', '2020-11-23 17:25:09', '2020-11-23 17:30:20', '311', 2),
('11130', 'P004', '2020-11-23 17:25:55', '2020-11-23 17:26:00', '5', 2),
('11155', 'P002', '2020-11-23 17:26:22', NULL, NULL, 3),
('11188', 'P002', '2020-11-23 17:27:07', '2020-11-23 17:30:13', '186', 3),
('11226', 'P001', '2020-11-23 17:27:48', '2020-11-23 17:29:48', '120', 2),
('11236', 'P003', '2020-11-23 17:28:02', '2020-11-23 17:30:28', '146', 3),
('11281', 'P004', '2020-11-23 17:28:50', '2020-11-23 17:40:35', '705', 2),
('11398', 'P001', '2020-11-23 17:30:51', '2020-11-23 17:32:18', '87', 2),
('11423', 'P005', '2020-11-23 17:31:21', '2020-11-23 17:31:41', '20', 2),
('11446', 'P003', '2020-11-23 17:31:45', NULL, NULL, 3),
('11465', 'P003', '2020-11-23 17:32:01', NULL, NULL, 3),
('11485', 'P003', '2020-11-23 17:32:22', '2020-11-23 17:33:14', '52', 3),
('11506', 'P002', '2020-11-23 17:32:48', '2020-11-23 17:34:37', '109', 3),
('11528', 'P001', '2020-11-23 17:33:13', '2020-11-23 17:38:45', '332', 2),
('11562', 'P003', '2020-11-23 17:33:51', NULL, NULL, 3),
('11586', 'P003', '2020-11-23 17:34:14', '2020-11-23 17:38:31', '257', 3),
('11602', 'P005', '2020-11-23 17:34:35', '2020-11-23 17:35:18', '43', 2),
('11624', 'P002', '2020-11-23 17:35:00', NULL, NULL, 3),
('11664', 'P005', '2020-11-23 17:35:41', NULL, NULL, 2),
('11671', 'P005', '2020-11-23 17:35:48', NULL, NULL, 2),
('11680', 'P005', '2020-11-23 17:35:54', '2020-11-23 17:37:50', '116', 2),
('11713', 'P002', '2020-11-23 17:36:32', NULL, NULL, 3),
('11828', 'P005', '2020-11-23 17:38:39', NULL, NULL, 2),
('11849', 'P003', '2020-11-23 17:39:04', NULL, NULL, 3),
('11860', 'P003', '2020-11-23 17:39:18', NULL, NULL, 3),
('11882', 'P002', '2020-11-23 17:39:38', '2020-11-23 17:40:52', '74', 3),
('11904', 'P003', '2020-11-23 17:40:02', '2020-11-23 17:41:29', '87', 3),
('11925', 'P001', '2020-11-23 17:40:20', '2020-11-23 17:43:12', '172', 2),
('11975', 'P002', '2020-11-23 17:41:19', '2020-11-23 17:45:51', '272', 3),
('11995', 'P004', '2020-11-23 17:41:40', '2020-11-23 17:48:02', '382', 2),
('11999', 'P005', '2020-11-23 17:41:46', '2020-11-23 17:45:46', '240', 2),
('12053', 'P003', '2020-11-23 17:42:46', NULL, NULL, 3),
('12084', 'P001', '2020-11-23 17:43:23', '2020-11-23 17:43:38', '15', 2),
('12097', 'P003', '2020-11-23 17:43:35', NULL, NULL, 3),
('12125', 'P001', '2020-11-23 17:44:04', NULL, NULL, 2),
('12140', 'P003', '2020-11-23 17:44:20', NULL, NULL, 3),
('12185', 'P003', '2020-11-23 17:45:08', NULL, NULL, 3),
('12210', 'P001', '2020-11-23 17:45:34', '2020-11-23 17:47:44', '130', 2),
('12213', 'P003', '2020-11-23 17:45:35', '2020-11-23 17:46:33', '58', 3),
('12290', 'P005', '2020-11-23 17:46:55', NULL, NULL, 2),
('12327', 'P002', '2020-11-23 17:47:31', NULL, NULL, 3),
('12379', 'P002', '2020-11-23 17:48:30', NULL, NULL, 3),
('12390', 'P003', '2020-11-23 17:48:37', '2020-11-23 17:52:14', '217', 3),
('12391', 'P002', '2020-11-23 17:48:38', NULL, NULL, 3),
('12400', 'P001', '2020-11-23 17:48:48', NULL, NULL, 2),
('12407', 'P004', '2020-11-23 17:48:55', '2020-11-23 17:49:10', '15', 2),
('12441', 'P001', '2020-11-23 17:49:23', NULL, NULL, 2),
('12461', 'P005', '2020-11-23 17:49:48', '2020-11-23 17:52:32', '164', 2),
('12518', 'P001', '2020-11-23 17:50:39', NULL, NULL, 2),
('12550', 'P001', '2020-11-23 17:51:18', '2020-11-23 17:54:12', '174', 2),
('12583', 'P002', '2020-11-23 17:51:55', NULL, NULL, 3),
('12622', 'P004', '2020-11-23 17:52:39', '2020-11-23 18:01:15', '516', 2),
('12638', 'P002', '2020-11-23 17:53:03', '2020-11-23 17:54:38', '95', 3),
('12654', 'P005', '2020-11-23 17:53:19', NULL, NULL, 2),
('12659', 'P003', '2020-11-23 17:53:25', NULL, NULL, 3),
('12678', 'P005', '2020-11-23 17:53:50', '2020-11-23 17:54:34', '44', 2),
('12736', 'P002', '2020-11-23 17:54:53', '2020-11-23 17:55:17', '24', 3),
('12798', 'P005', '2020-11-23 17:55:49', '2020-11-23 17:57:45', '116', 2),
('12818', 'P003', '2020-11-23 17:56:08', '2020-11-23 17:58:00', '112', 3),
('12849', 'P001', '2020-11-23 17:56:41', '2020-11-23 17:58:57', '136', 2),
('12866', 'P002', '2020-11-23 17:57:00', NULL, NULL, 3),
('12951', 'P005', '2020-11-23 17:58:28', NULL, NULL, 2),
('12972', 'P003', '2020-11-23 17:58:55', NULL, NULL, 3),
('12995', 'P001', '2020-11-23 17:59:20', NULL, NULL, 2),
('13023', 'P003', '2020-11-23 17:59:47', NULL, NULL, 3),
('13029', 'P002', '2020-11-23 17:59:53', '2020-11-23 18:03:07', '194', 3),
('13046', 'P005', '2020-11-23 18:00:10', NULL, NULL, 2),
('13094', 'P003', '2020-11-23 18:01:01', '2020-11-23 18:05:08', '247', 3),
('13127', 'P005', '2020-11-23 18:01:32', NULL, NULL, 2),
('13151', 'P004', '2020-11-23 18:01:57', NULL, NULL, 2),
('13153', 'P001', '2020-11-23 18:02:00', '2020-11-23 18:02:30', '30', 2),
('13161', 'P004', '2020-11-23 18:02:06', NULL, NULL, 2),
('13242', 'P002', '2020-11-23 18:03:32', NULL, NULL, 3),
('13266', 'P005', '2020-11-23 18:03:56', NULL, NULL, 2),
('13267', 'P004', '2020-11-23 18:03:59', '2020-11-23 18:05:01', '62', 2),
('13277', 'P002', '2020-11-23 18:04:10', NULL, NULL, 3),
('13303', 'P005', '2020-11-23 18:04:35', NULL, NULL, 2),
('13360', 'P002', '2020-11-23 18:05:29', NULL, NULL, 3),
('13380', 'P004', '2020-11-23 18:05:48', NULL, NULL, 2),
('13397', 'P003', '2020-11-23 18:06:10', NULL, NULL, 3),
('13404', 'P003', '2020-11-23 18:06:18', '2020-11-23 18:08:39', '141', 3),
('13413', 'P002', '2020-11-23 18:06:27', NULL, NULL, 3),
('13437', 'P004', '2020-11-23 18:06:57', NULL, NULL, 2),
('13474', 'P005', '2020-11-23 18:07:36', NULL, NULL, 2),
('13485', 'P005', '2020-11-23 18:07:46', NULL, NULL, 2),
('13496', 'P002', '2020-11-23 18:07:55', NULL, NULL, 3),
('13516', 'P005', '2020-11-23 18:08:17', '2020-11-23 18:08:29', '12', 2),
('13529', 'P005', '2020-11-23 18:08:30', NULL, NULL, 2),
('13561', 'P004', '2020-11-23 18:09:05', '2020-11-23 18:09:52', '47', 2),
('13577', 'P001', '2020-11-23 18:09:18', NULL, NULL, 2),
('13599', 'P003', '2020-11-23 18:09:36', '2020-11-23 18:10:00', '24', 3),
('13639', 'P005', '2020-11-23 18:10:18', NULL, NULL, 2),
('13659', 'P005', '2020-11-23 18:10:38', '2020-11-23 18:11:14', '36', 2),
('13674', 'P002', '2020-11-23 18:10:53', NULL, NULL, 3),
('13690', 'P003', '2020-11-23 18:11:10', '2020-11-23 18:12:07', '57', 3),
('13717', 'P002', '2020-11-23 18:11:31', '2020-11-23 18:17:21', '350', 3),
('13727', 'P001', '2020-11-23 18:11:44', NULL, NULL, 2),
('13729', 'P005', '2020-11-23 18:11:46', '2020-11-23 18:13:40', '114', 2),
('13802', 'P001', '2020-11-23 18:13:08', NULL, NULL, 2),
('13838', 'P001', '2020-11-23 18:13:51', '2020-11-23 18:14:15', '24', 2),
('13882', 'P003', '2020-11-23 18:14:41', NULL, NULL, 3),
('13894', 'P003', '2020-11-23 18:14:58', '2020-11-23 18:16:38', '100', 3),
('13912', 'P004', '2020-11-23 18:15:21', '2020-11-23 18:18:04', '163', 2),
('13916', 'P001', '2020-11-23 18:15:24', NULL, NULL, 2),
('13929', 'P005', '2020-11-23 18:15:35', NULL, NULL, 2),
('13931', 'P005', '2020-11-23 18:15:39', '2020-11-23 18:16:48', '69', 2),
('14008', 'P005', '2020-11-23 18:17:07', NULL, NULL, 2),
('14041', 'P005', '2020-11-23 18:17:38', '2020-11-23 18:25:11', '453', 2),
('14057', 'P001', '2020-11-23 18:17:57', NULL, NULL, 2),
('14072', 'P002', '2020-11-23 18:18:07', '2020-11-23 18:18:24', '17', 3),
('14104', 'P002', '2020-11-23 18:18:40', NULL, NULL, 3),
('14124', 'P002', '2020-11-23 18:19:02', '2020-11-23 18:22:11', '189', 3),
('14143', 'P004', '2020-11-23 18:19:22', '2020-11-23 18:19:49', '27', 2),
('14145', 'P003', '2020-11-23 18:19:24', '2020-11-23 18:20:16', '52', 3),
('14159', 'P001', '2020-11-23 18:19:38', NULL, NULL, 2),
('14175', 'P004', '2020-11-23 18:19:55', NULL, NULL, 2),
('14209', 'P003', '2020-11-23 18:20:28', '2020-11-23 18:20:48', '20', 3),
('14263', 'P004', '2020-11-23 18:21:31', NULL, NULL, 2),
('14267', 'P004', '2020-11-23 18:21:37', NULL, NULL, 2),
('14287', 'P001', '2020-11-23 18:21:59', '2020-11-23 18:24:45', '166', 2),
('14316', 'P004', '2020-11-23 18:22:39', '2020-11-23 18:23:18', '39', 2),
('14338', 'P002', '2020-11-23 18:22:58', NULL, NULL, 3),
('14372', 'P002', '2020-11-23 18:23:33', NULL, NULL, 3),
('14374', 'P002', '2020-11-23 18:23:35', '2020-11-23 18:27:13', '218', 3),
('14385', 'P004', '2020-11-23 18:23:48', NULL, NULL, 2),
('14484', 'P001', '2020-11-23 18:25:36', '2020-11-23 18:26:04', '28', 2),
('14503', 'P003', '2020-11-23 18:25:57', '2020-11-23 18:36:03', '606', 3),
('14522', 'P005', '2020-11-23 18:26:20', NULL, NULL, 2),
('14539', 'P005', '2020-11-23 18:26:37', '2020-11-23 18:27:26', '49', 2),
('14547', 'P001', '2020-11-23 18:26:44', NULL, NULL, 2),
('14552', 'P001', '2020-11-23 18:26:51', NULL, NULL, 2),
('14563', 'P004', '2020-11-23 18:27:02', NULL, NULL, 2),
('14568', 'P004', '2020-11-23 18:27:07', NULL, NULL, 2),
('14600', 'P005', '2020-11-23 18:27:38', '2020-11-23 18:28:25', '47', 2),
('14635', 'P004', '2020-11-23 18:28:14', '2020-11-23 18:29:06', '52', 2),
('14655', 'P005', '2020-11-23 18:28:31', NULL, NULL, 2),
('14712', 'P002', '2020-11-23 18:29:28', NULL, NULL, 3),
('14734', 'P005', '2020-11-23 18:29:53', NULL, NULL, 2),
('14753', 'P002', '2020-11-23 18:30:17', NULL, NULL, 3),
('14772', 'P004', '2020-11-23 18:30:37', NULL, NULL, 2),
('14779', 'P004', '2020-11-23 18:30:44', '2020-11-23 18:32:17', '93', 2),
('14783', 'P002', '2020-11-23 18:30:48', '2020-11-23 18:31:49', '61', 3),
('14824', 'P005', '2020-11-23 18:31:38', '2020-11-23 18:33:15', '97', 2),
('14883', 'P004', '2020-11-23 18:32:43', NULL, NULL, 2),
('14910', 'P004', '2020-11-23 18:33:11', '2020-11-23 18:35:16', '125', 2),
('14939', 'P002', '2020-11-23 18:33:43', '2020-11-23 18:34:28', '45', 3),
('15003', 'P005', '2020-11-23 18:34:57', '2020-11-23 18:36:20', '83', 2),
('15047', 'P004', '2020-11-23 18:35:41', NULL, NULL, 2),
('15108', 'P005', '2020-11-23 18:36:45', NULL, NULL, 2);

-- --------------------------------------------------------

--
-- 資料表結構 `tag_list`
--

DROP TABLE IF EXISTS `tag_list`;
CREATE TABLE IF NOT EXISTS `tag_list` (
  `id` int(11) NOT NULL AUTO_INCREMENT,
  `name` varchar(20) NOT NULL,
  `description` varchar(20) NOT NULL,
  `monitorType` int(11) NOT NULL COMMENT '0:數值 1:數位 2:文字',
  `system` varchar(10) NOT NULL,
  PRIMARY KEY (`id`)
) ENGINE=MyISAM AUTO_INCREMENT=82 DEFAULT CHARSET=utf8;

--
-- 傾印資料表的資料 `tag_list`
--

INSERT INTO `tag_list` (`id`, `name`, `description`, `monitorType`, `system`) VALUES
(1, 'deviceName', '設備名稱', 2, '監視'),
(2, 'modelNumber', '設備型號', 2, '監視'),
(3, 'deviceBrand', '設備廠牌', 2, '監視'),
(4, 'connectIP', '連線IP', 2, '監視'),
(5, 'connectPort', '連線PORT', 2, '監視'),
(6, 'rtspUrl', 'RTSP URL', 2, '監視'),
(7, 'rtspAuth', 'RTSP帳密', 2, '監視'),
(8, 'onvifSupport', '是否支援ONVIF', 1, '監視'),
(9, 'connectStatus', '連線狀態', 1, '監視'),
(10, 'deviceID', '設備UUID', 2, '監視'),
(68, '體溫', '體溫辨識結果', 0, '監視'),
(11, 'deviceNumber', '設備編號', 2, '監視'),
(12, '安全帽辨識-事件UUID', '安全帽辨識-事件UUID', 2, '監視'),
(13, '安全帽辨識-人員UUID', '安全帽辨識-人員UUID', 2, '監視'),
(14, '安全帽辨識-結果', '安全帽辨識-結果', 1, '監視'),
(15, '安全帽辨識-觸發時間', '安全帽辨識-觸發時間', 2, '監視'),
(16, '安全帽辨識-截圖URL', '安全帽辨識-截圖URL', 2, '監視'),
(17, '口罩辨識-事件UUID', '口罩辨識-事件UUID', 2, '監視'),
(18, '口罩辨識-人員UUID', '口罩辨識-人員UUID', 2, '監視'),
(19, '口罩辨識-結果', '口罩辨識-結果', 1, '監視'),
(20, '口罩辨識-觸發時間', '口罩辨識-觸發時間', 2, '監視'),
(21, '口罩辨識-截圖URL', '口罩辨識-截圖URL', 2, '監視'),
(22, '入侵偵測-事件UUID', '入侵偵測-事件UUID', 2, '監視'),
(23, '入侵偵測-結果', '入侵偵測-結果', 1, '監視'),
(24, '入侵偵測-觸發時間', '入侵偵測-觸發時間', 2, '監視'),
(25, '入侵偵測-截圖URL', '入侵偵測-截圖URL', 2, '監視'),
(26, '人形偵測-事件UUID', '人形偵測-事件UUID', 2, '監視'),
(27, '人形偵測-結果', '人形偵測-結果', 1, '監視'),
(28, '人形偵測-觸發時間', '人形偵測-觸發時間', 2, '監視'),
(29, '人形偵測-截圖URL', '人形偵測-截圖URL', 2, '監視'),
(30, '車形偵測-事件UUID', '車形偵測-事件UUID', 2, '監視'),
(31, '車形偵測-結果', '車形偵測-結果', 1, '監視'),
(32, '車形偵測-觸發時間', '車形偵測-觸發時間', 2, '監視'),
(33, '車形偵測-截圖URL', '車形偵測-截圖URL', 2, '監視'),
(34, 'deviceName', '設備名稱', 2, '人臉門禁'),
(35, 'modelNumber', '設備型號', 2, '人臉門禁'),
(36, 'deviceBrand', '設備廠牌', 2, '人臉門禁'),
(37, 'connectIP', '連線IP', 2, '人臉門禁'),
(38, 'connectPort', '連線PORT', 2, '人臉門禁'),
(39, 'rtspAuth', 'RTSP帳密', 2, '人臉門禁'),
(40, 'connectStatus', '連線狀態', 1, '人臉門禁'),
(41, 'deviceID', '設備UUID', 2, '人臉門禁'),
(42, 'deviceNumber', '設備編號', 2, '人臉門禁'),
(43, 'nowDate', '目前時間', 2, '人臉門禁'),
(44, '設備最終使用者', '設備最終使用者', 2, '人臉門禁'),
(45, '人員進場-事件UUID', '人員進場-事件UUID', 2, '人臉門禁'),
(46, '人員進場-人員UUID', '人員進場-人員UUID', 2, '人臉門禁'),
(47, '人員進場-人員編號(工號)', '人員進場-人員編號(工號)', 2, '人臉門禁'),
(48, '人員進場-卡號(人臉特徵值)', '人員進場-卡號(人臉特徵值)', 2, '人臉門禁'),
(49, '人員進場-姓名', '人員進場-姓名', 2, '人臉門禁'),
(50, '人員進場-上級單位代碼', '人員進場-上級單位代碼', 2, '人臉門禁'),
(51, '人員進場-單位代碼', '人員進場-單位代碼', 2, '人臉門禁'),
(52, '人員進場-單位名稱', '人員進場-單位名稱', 2, '人臉門禁'),
(53, '人員進場-職業', '人員進場-職業', 2, '人臉門禁'),
(54, '人員進場-時間', '人員進場-時間', 2, '人臉門禁'),
(55, '人員進場-事件截圖URL', '人員進場-事件截圖URL', 2, '人臉門禁'),
(70, '背心辨識-人員UUID', '背心辨識-人員UUID', 2, '監視'),
(69, '背心辨識-事件UUID', '背心辨識-事件UUID', 2, '監視'),
(58, '人員離場-人員編號(工號)', '人員離場-人員編號(工號)', 2, '人臉門禁'),
(59, '人員離場-卡號(人臉特徵值)', '人員離場-卡號(人臉特徵值)', 2, '人臉門禁'),
(60, '人員離場-姓名', '人員離場-姓名', 2, '人臉門禁'),
(61, '人員離場-上級單位代碼', '人員離場-上級單位代碼', 2, '人臉門禁'),
(62, '人員離場-單位代碼', '人員離場-單位代碼', 2, '人臉門禁'),
(63, '人員離場-單位名稱', '人員離場-單位名稱', 2, '人臉門禁'),
(64, '人員離場-職業', '人員離場-職業', 2, '人臉門禁'),
(65, '人員離場-時間', '人員離場-時間', 2, '人臉門禁'),
(66, '人員離場-事件截圖URL', '人員離場-事件截圖URL', 2, '人臉門禁'),
(67, '連線狀態更新時間', '連線狀態更新時間', 2, '監視'),
(71, '背心辨識-結果', '背心辨識-結果', 1, '監視'),
(72, '背心辨識-觸發時間', '背心辨識-觸發時間', 2, '監視'),
(73, '背心辨識-截圖URL', '背心辨識-截圖URL', 2, '監視'),
(74, 'totalPerson', '今日總人數', 0, '人臉門禁'),
(75, 'innerPerson', '場內人數', 0, '人臉門禁'),
(76, 'outterPerson', '離場人數', 0, '人臉門禁'),
(77, 'notWearHardhat', '未配戴口罩人數', 0, '人臉門禁'),
(78, 'notWearRespirator', '未配戴安全帽人數', 0, '人臉門禁'),
(79, 'notWearVest', '未穿戴背心人數', 0, '人臉門禁'),
(80, '人員離場-事件UUID', '人員離場-事件UUID', 2, '人臉門禁'),
(81, '人員離場-人員UUID', '人員離場-人員UUID', 2, '人臉門禁');

-- --------------------------------------------------------

--
-- 資料表結構 `unit`
--

DROP TABLE IF EXISTS `unit`;
CREATE TABLE IF NOT EXISTS `unit` (
  `id` int(11) NOT NULL AUTO_INCREMENT,
  `name` varchar(20) NOT NULL,
  PRIMARY KEY (`id`)
) ENGINE=MyISAM AUTO_INCREMENT=4 DEFAULT CHARSET=utf8;

--
-- 傾印資料表的資料 `unit`
--

INSERT INTO `unit` (`id`, `name`) VALUES
(1, '一級單位'),
(2, '二級單位'),
(3, '三級單位');
COMMIT;

/*!40101 SET CHARACTER_SET_CLIENT=@OLD_CHARACTER_SET_CLIENT */;
/*!40101 SET CHARACTER_SET_RESULTS=@OLD_CHARACTER_SET_RESULTS */;
/*!40101 SET COLLATION_CONNECTION=@OLD_COLLATION_CONNECTION */;
